/*
Navicat MySQL Data Transfer

Source Server         : LYS
Source Server Version : 50132
Source Host           : localhost:3306
Source Database       : yota

Target Server Type    : MYSQL
Target Server Version : 50132
File Encoding         : 65001

Date: 2015-01-08 22:42:57
*/

SET FOREIGN_KEY_CHECKS=0;

-- ----------------------------
-- Table structure for `activities`
-- ----------------------------
DROP TABLE IF EXISTS `activities`;
CREATE TABLE `activities` (
  `activities_id` int(11) NOT NULL AUTO_INCREMENT,
  `user_id` int(11) DEFAULT NULL,
  `type_id` int(11) DEFAULT NULL,
  `activities_name` varchar(50) COLLATE utf8_unicode_ci DEFAULT NULL,
  `activities_city` varchar(20) COLLATE utf8_unicode_ci DEFAULT NULL,
  `activities_place` varchar(40) COLLATE utf8_unicode_ci DEFAULT NULL,
  `activities_poster` varchar(256) COLLATE utf8_unicode_ci DEFAULT NULL,
  `activities_description` varchar(1024) COLLATE utf8_unicode_ci DEFAULT NULL,
  `activities_number` int(11) DEFAULT NULL,
  `activities_level` int(11) DEFAULT NULL,
  `activities_date` datetime DEFAULT NULL,
  `start_time` datetime DEFAULT NULL,
  `end_time` datetime DEFAULT NULL,
  `activities_state` int(11) DEFAULT NULL,
  `aspect_ratio` float DEFAULT NULL,
  `is_hot` tinyint(4) unsigned zerofill DEFAULT NULL,
  PRIMARY KEY (`activities_id`),
  KEY `FK_Relationship_5` (`user_id`),
  KEY `FK_Relationship_6` (`type_id`),
  CONSTRAINT `FK_Relationship_5` FOREIGN KEY (`user_id`) REFERENCES `user` (`user_id`),
  CONSTRAINT `FK_Relationship_6` FOREIGN KEY (`type_id`) REFERENCES `activities_type` (`type_id`)
) ENGINE=InnoDB AUTO_INCREMENT=44 DEFAULT CHARSET=utf8 COLLATE=utf8_unicode_ci;

-- ----------------------------
-- Records of activities
-- ----------------------------
INSERT INTO `activities` VALUES ('1', '100006', '1', '美食の聚', '广东韶关', '韶关学院丁香苑c612', '/images/poster/1/1.jpg', '活动对象： 	韶关学院全日制在校学生 活动时间： 	2014年11—12月 活动要求： 1、作品要以思想性、艺术性和观赏性统一的原则，反映大学生现实生活，围绕学习就业、社团生活、志愿者活动、心理健康、校园文化、团日活动、创新创业等方面，表现时代精神和“最美青春”的比赛主题，展现青年大学生践行核心价值观、追逐青春梦想的历程。 2、主题鲜明，情节合理，贴近生活。要有完整的剧情主线，具备内容丰富，构思新颖，在拍摄上具备可操作性。 3、剧本必须为原创，作者享有独立的版权，内容不得涉及侵权问题，不得由他人代替，不得抄袭，可参考网上的素材，但所占作品内容不得超过20%，否则视为抄袭，一经发现，立即取消参赛资格。若是借用网上素材，建议附交所采用素材说明。不接受已完成拍摄的微电影剧本。 4、剧本可供拍摄时长限度在10分钟以内，字数5000字以内。不接受剧本大纲、创意、故事梗概等文字过于简略的稿件以及小说、散文、电视剧等其他体裁的稿件。 5、剧本提交格式：①封面：注明剧本名称、编剧姓名、联系电话、电子邮箱；②扉页：剧本大纲和主要人物简介表；③剧本正文。 6、剧本类别：心理健康类、社团生活类、校园生活类志愿服务类、创新创业类、校园文化类。', '1', '1', '2014-10-15 22:14:52', '2014-10-29 12:00:00', '2014-12-14 22:30:00', '1', '0.665625', '0001');
INSERT INTO `activities` VALUES ('2', '100001', '2', '韶关丹霞山', '广东韶关', '韶关学院丁香苑c612', '/images/poster/2/1.jpg', '时间 : 05月18日 14:00 - 05月20日 16:00\r\n地点 : 韶关 仁化县 丹霞山\r\n简介 ：\r\n丹霞山世界地质公园，位于中国广东韶关市东北郊。\r\n景区内拥有世界上独一无二、貌似神凝的阳元石、阴元石、双乳石、睡美人等景点，使丹霞山有“天然的性文化博物馆”之称。\r\n	丹霞山主峰景区分为上、中、下三个景观层。\r\n	下层为锦石岩景层。有始建于北宋的锦石岩石窟寺、梦觉关、通天洞、百丈峡及最典型的赤壁丹崖等景点。\r\n	中层为别传寺景层，有岭南十大禅林之一的别传寺，还有一线天、双池碧荷等景点。\r\n	登丹梯铁索即到丹霞山主峰上景区，是登高望远，饱览丹霞秀色，是观日出、赏晚霞的大好去处。', '1', '1', '2014-10-16 22:14:52', '2014-10-29 12:00:00', '2014-12-14 22:30:00', '1', '0.665625', '0001');
INSERT INTO `activities` VALUES ('4', '100001', '3', '”乱斗西游“游戏切磋', '广东韶关', '韶关学院丁香苑c612', '/images/poster/3/1.jpg', '主题：”乱斗西游“游戏切磋\r\n简介：2014年网易动作手游王牌力作，独创推塔战场，给你“不缩水”的动作手游PVP体验! \r\n告别动作手游的单调闯关刷图，打造你的西游英雄战阵，在磨难重重的西游路上磨练你的战斗技巧吧！\r\n独创手游版MOBA对抗玩法，在推塔战场上与对手血战到底，灵活补刀、游走杀人，释放你的超神操作，热血激斗尽在掌中！\r\n更有局域网实时同步对战，好友约战，一决高下！', '1', '1', '2014-10-18 22:14:52', '2014-10-29 12:00:00', '2014-12-14 22:30:00', '1', '0.687361', '0000');
INSERT INTO `activities` VALUES ('5', '100002', '4', '唱K交友活动召集', '广东韶关', '韶关学院丁香苑c612', '/images/poster/4/1.jpg', '区域:天河\r\n\r\n类别:活动召集\r\n\r\n地点:天河TOPKTV 体育西路13号骏汇大厦1-3楼\r\n\r\n开始时间:2010-11-20 16:20\r\n\r\n结束时间:2010-11-20 22:00\r\n\r\n活动费用:51～99元\r\n\r\n人数:60人\r\n\r\n联系电话: 020-33876607\r\n\r\n详细信息\r\n\r\n周末来临，单身的我们总是如此期', '1', '1', '2014-10-19 22:14:52', '2014-10-29 12:00:00', '2014-12-14 22:30:00', '1', '0.750605', '0000');
INSERT INTO `activities` VALUES ('6', '100006', '5', '奔跑吧，骚年。', '广东韶关', '韶关学院丁香苑c612', '/images/poster/5/1.jpg', '活动对象： 	韶关学院全日制在校学生 活动时间： 	2014年11—12月 活动要求： 1、作品要以思想性、艺术性和观赏性统一的原则，反映大学生现实生活，围绕学习就业、社团生活、志愿者活动、心理健康、校园文化、团日活动、创新创业等方面，表现时代精神和“最美青春”的比赛主题，展现青年大学生践行核心价值观、追逐青春梦想的历程。 2、主题鲜明，情节合理，贴近生活。要有完整的剧情主线，具备内容丰富，构思新颖，在拍摄上具备可操作性。 3、剧本必须为原创，作者享有独立的版权，内容不得涉及侵权问题，不得由他人代替，不得抄袭，可参考网上的素材，但所占作品内容不得超过20%，否则视为抄袭，一经发现，立即取消参赛资格。若是借用网上素材，建议附交所采用素材说明。不接受已完成拍摄的微电影剧本。 4、剧本可供拍摄时长限度在10分钟以内，字数5000字以内。不接受剧本大纲、创意、故事梗概等文字过于简略的稿件以及小说、散文、电视剧等其他体裁的稿件。 5、剧本提交格式：①封面：注明剧本名称、编剧姓名、联系电话、电子邮箱；②扉页：剧本大纲和主要人物简介表；③剧本正文。 6、剧本类别：心理健康类、社团生活类、校园生活类志愿服务类、创新创业类、校园文化类。', '1', '1', '2014-10-20 22:14:52', '2014-10-29 12:00:00', '2014-12-14 22:30:00', '1', '0.665625', '0000');
INSERT INTO `activities` VALUES ('7', '100002', '6', '“running man”趣味体育游戏', '广东韶关', '韶关学院丁香苑c612', '/images/poster/6/1.jpg', '活动对象： 	韶关学院全日制在校学生 活动时间： 	2014年11—12月 活动要求： 1、作品要以思想性、艺术性和观赏性统一的原则，反映大学生现实生活，围绕学习就业、社团生活、志愿者活动、心理健康、校园文化、团日活动、创新创业等方面，表现时代精神和“最美青春”的比赛主题，展现青年大学生践行核心价值观、追逐青春梦想的历程。 2、主题鲜明，情节合理，贴近生活。要有完整的剧情主线，具备内容丰富，构思新颖，在拍摄上具备可操作性。 3、剧本必须为原创，作者享有独立的版权，内容不得涉及侵权问题，不得由他人代替，不得抄袭，可参考网上的素材，但所占作品内容不得超过20%，否则视为抄袭，一经发现，立即取消参赛资格。若是借用网上素材，建议附交所采用素材说明。不接受已完成拍摄的微电影剧本。 4、剧本可供拍摄时长限度在10分钟以内，字数5000字以内。不接受剧本大纲、创意、故事梗概等文字过于简略的稿件以及小说、散文、电视剧等其他体裁的稿件。 5、剧本提交格式：①封面：注明剧本名称、编剧姓名、联系电话、电子邮箱；②扉页：剧本大纲和主要人物简介表；③剧本正文。 6、剧本类别：心理健康类、社团生活类、校园生活类志愿服务类、创新创业类、校园文化类。', '1', '1', '2014-10-21 22:14:52', '2014-10-29 12:00:00', '2014-12-14 22:30:00', '1', '0.662393', '0000');
INSERT INTO `activities` VALUES ('8', '100007', '1', '美食の聚', '广东韶关', '韶关学院丁香苑c612', '/images/poster/1/2.jpg', '活动对象： 	韶关学院全日制在校学生 活动时间： 	2014年11—12月 活动要求： 1、作品要以思想性、艺术性和观赏性统一的原则，反映大学生现实生活，围绕学习就业、社团生活、志愿者活动、心理健康、校园文化、团日活动、创新创业等方面，表现时代精神和“最美青春”的比赛主题，展现青年大学生践行核心价值观、追逐青春梦想的历程。 2、主题鲜明，情节合理，贴近生活。要有完整的剧情主线，具备内容丰富，构思新颖，在拍摄上具备可操作性。 3、剧本必须为原创，作者享有独立的版权，内容不得涉及侵权问题，不得由他人代替，不得抄袭，可参考网上的素材，但所占作品内容不得超过20%，否则视为抄袭，一经发现，立即取消参赛资格。若是借用网上素材，建议附交所采用素材说明。不接受已完成拍摄的微电影剧本。 4、剧本可供拍摄时长限度在10分钟以内，字数5000字以内。不接受剧本大纲、创意、故事梗概等文字过于简略的稿件以及小说、散文、电视剧等其他体裁的稿件。 5、剧本提交格式：①封面：注明剧本名称、编剧姓名、联系电话、电子邮箱；②扉页：剧本大纲和主要人物简介表；③剧本正文。 6、剧本类别：心理健康类、社团生活类、校园生活类志愿服务类、创新创业类、校园文化类。', '1', '1', '2014-10-22 22:14:52', '2014-10-29 12:00:00', '2014-12-14 22:30:00', '1', '0.665625', '0000');
INSERT INTO `activities` VALUES ('9', '100001', '2', '泡吧狂欢单身交友派对', '广东韶关', '韶关学院丁香苑c612', '/images/poster/2/2.jpg', '时间 : 12月12日 23:00 - 12月13日 01:00\r\n地点 : 韶关 新地名店酒吧\r\n\r\n韶关规模最大人最多的单身男女派对交友PARTY欢迎你的加入\r\n★活动时间：12月12号晚23点\r\n★活动地点：新地名店酒吧\r\n★活动内容：单身交友 娱乐派对 P酒嗨舞  激情狂欢\r\n★活动费用:男士100元/人,女士免费(酒水包够,无任何其它费用)\r\n★报名联系群主微微扣扣379076932或加群，群主空间和群公告有具体活动安排和实施细则，敬请关注\r\n\r\n\r\n参加聚会不要说没有朋友、不要说一个人也不认识，\r\n我们群的宗旨就是交友，就是把互不相识、同城的你我她介绍成为朋友！\r\n本群活动开展六年多,是韶关最实惠,活动人最多的高素质交友聚会群,天天有活动，人气火爆,\r\n  只怕你不来，不怕你不嗨！\r\n  ★欢迎同城爱交友爱活动的朋友加入★', '1', '2', '2014-10-23 22:14:52', '2014-10-29 12:00:00', '2014-12-14 22:30:00', '1', '0.665625', '0000');
INSERT INTO `activities` VALUES ('10', '100004', '3', '“英雄联盟“游戏切磋', '广东韶关', '韶关学院丁香苑c612', '/images/poster/3/2.jpg', '主题：“英雄联盟“游戏切磋\r\n简介：英雄联盟相信也有不少人玩了，但是在同一个地区的人却没有一个平台或者机会进行切磋，\r\n	所以本人发此活动以召集各路高手切磋一较高下！\r\n	对战地区：影流。', '1', '1', '2014-10-24 22:14:52', '2014-10-29 12:00:00', '2014-12-14 22:30:00', '1', '0.666666', '0001');
INSERT INTO `activities` VALUES ('11', '100003', '4', '银海KTV大房', '广东韶关', '韶关学院丁香苑c612', '/images/poster/4/2.jpg', '地点：\r\n	堕落街银海KTV\r\n时间：\r\n	周六晚8点\r\n说明：\r\n	艾客科技团队，诚邀12软件服务外包的同学免费参加，各位开心地玩乐，同时其他学院或班级想要参加的同学也请加入到我们中来，不够大我们继续订房^.^\r\n	记得周六晚上8点不见不散~', '1', '1', '2014-10-25 22:14:52', '2014-10-29 12:00:00', '2014-12-14 22:30:00', '1', '0.672451', '0000');
INSERT INTO `activities` VALUES ('12', '100008', '5', '奔跑吧，骚年。', '广东韶关', '韶关学院丁香苑c612', '/images/poster/5/2.jpg', '活动对象： 	韶关学院全日制在校学生 活动时间： 	2014年11—12月 活动要求： 1、作品要以思想性、艺术性和观赏性统一的原则，反映大学生现实生活，围绕学习就业、社团生活、志愿者活动、心理健康、校园文化、团日活动、创新创业等方面，表现时代精神和“最美青春”的比赛主题，展现青年大学生践行核心价值观、追逐青春梦想的历程。 2、主题鲜明，情节合理，贴近生活。要有完整的剧情主线，具备内容丰富，构思新颖，在拍摄上具备可操作性。 3、剧本必须为原创，作者享有独立的版权，内容不得涉及侵权问题，不得由他人代替，不得抄袭，可参考网上的素材，但所占作品内容不得超过20%，否则视为抄袭，一经发现，立即取消参赛资格。若是借用网上素材，建议附交所采用素材说明。不接受已完成拍摄的微电影剧本。 4、剧本可供拍摄时长限度在10分钟以内，字数5000字以内。不接受剧本大纲、创意、故事梗概等文字过于简略的稿件以及小说、散文、电视剧等其他体裁的稿件。 5、剧本提交格式：①封面：注明剧本名称、编剧姓名、联系电话、电子邮箱；②扉页：剧本大纲和主要人物简介表；③剧本正文。 6、剧本类别：心理健康类、社团生活类、校园生活类志愿服务类、创新创业类、校园文化类。', '1', '1', '2014-11-09 17:29:46', '2014-10-29 12:00:00', '2014-12-14 22:30:00', '1', '0.666666', '0001');
INSERT INTO `activities` VALUES ('13', '100001', '6', '“微三走，we挑战”新媒展示活动', '广东韶关', '韶关学院丁香苑c612', '/images/poster/6/7.jpg', '活动对象：\r\n	韶关学院全日制在校学生\r\n活动时间：\r\n	2014年11—12月\r\n活动要求：\r\n1、作品要以思想性、艺术性和观赏性统一的原则，反映大学生现实生活，围绕学习就业、社团生活、志愿者活动、心理健康、校园文化、团日活动、创新创业等方面，表现时代精神和“最美青春”的比赛主题，展现青年大学生践行核心价值观、追逐青春梦想的历程。\r\n2、主题鲜明，情节合理，贴近生活。要有完整的剧情主线，具备内容丰富，构思新颖，在拍摄上具备可操作性。\r\n3、剧本必须为原创，作者享有独立的版权，内容不得涉及侵权问题，不得由他人代替，不得抄袭，可参考网上的素材，但所占作品内容不得超过20%，否则视为抄袭，一经发现，立即取消参赛资格。若是借用网上素材，建议附交所采用素材说明。不接受已完成拍摄的微电影剧本。\r\n4、剧本可供拍摄时长限度在10分钟以内，字数5000字以内。不接受剧本大纲、创意、故事梗概等文字过于简略的稿件以及小说、散文、电视剧等其他体裁的稿件。\r\n5、剧本提交格式：①封面：注明剧本名称、编剧姓名、联系电话、电子邮箱；②扉页：剧本大纲和主要人物简介表；③剧本正文。\r\n6、剧本类别：心理健康类、社团生活类、校园生活类志愿服务类、创新创业类、校园文化类。\r\n', '1', '2', '2014-11-09 17:29:46', '2014-10-29 12:00:00', '2014-12-14 22:30:00', '1', '0.666666', '0000');
INSERT INTO `activities` VALUES ('14', '100008', '1', '美食の聚', '广东韶关', '韶关学院丁香苑c612', '/images/poster/1/3.jpg', '活动对象： 	韶关学院全日制在校学生 活动时间： 	2014年11—12月 活动要求： 1、作品要以思想性、艺术性和观赏性统一的原则，反映大学生现实生活，围绕学习就业、社团生活、志愿者活动、心理健康、校园文化、团日活动、创新创业等方面，表现时代精神和“最美青春”的比赛主题，展现青年大学生践行核心价值观、追逐青春梦想的历程。 2、主题鲜明，情节合理，贴近生活。要有完整的剧情主线，具备内容丰富，构思新颖，在拍摄上具备可操作性。 3、剧本必须为原创，作者享有独立的版权，内容不得涉及侵权问题，不得由他人代替，不得抄袭，可参考网上的素材，但所占作品内容不得超过20%，否则视为抄袭，一经发现，立即取消参赛资格。若是借用网上素材，建议附交所采用素材说明。不接受已完成拍摄的微电影剧本。 4、剧本可供拍摄时长限度在10分钟以内，字数5000字以内。不接受剧本大纲、创意、故事梗概等文字过于简略的稿件以及小说、散文、电视剧等其他体裁的稿件。 5、剧本提交格式：①封面：注明剧本名称、编剧姓名、联系电话、电子邮箱；②扉页：剧本大纲和主要人物简介表；③剧本正文。 6、剧本类别：心理健康类、社团生活类、校园生活类志愿服务类、创新创业类、校园文化类。', '1', '1', '2014-10-15 22:14:52', '2014-10-29 12:00:00', '2014-12-14 22:30:00', '1', '0.665625', '0000');
INSERT INTO `activities` VALUES ('15', '100002', '2', '穿山越岭到丽宫', '广东韶关', '韶关学院丁香苑c612', '/images/poster/2/3.jpg', '时间 : 12月06日 20:00 - 22:00\r\n地点 : 韶关 乳源周边\r\n\r\n活动介绍\r\n此行风雨无阻，请驴友自备雨具。\r\n	集合时间：2014.12.6 周六 20:00 （过时不候）\r\n	路线：紫荆桥头（南岸集合）～八一鲜明小学～水库～山路～丽宫后山～电视台～县城\r\n行程时间：预计2～3小时\r\n联系方式：第一峰户外QQ群 48691351\r\n对讲机频率：436.450\r\n装备要求：水、手电、徒步鞋（可选用装备：防蚊虫水、雨具、相机、登山杖、食物、个人药品）\r\n此活动非营利活动，参与者责任自负！\r\n详情查阅 第一峰户外 www.d1f.cn', '1', '1', '2014-10-16 22:14:52', '2014-10-29 12:00:00', '2014-12-14 22:30:00', '1', '0.665625', '0000');
INSERT INTO `activities` VALUES ('16', '100009', '3', '游戏切磋', '广东韶关', '韶关学院丁香苑c612', '/images/poster/3/3.jpg', '活动对象： 	韶关学院全日制在校学生 活动时间： 	2014年11—12月 活动要求： 1、作品要以思想性、艺术性和观赏性统一的原则，反映大学生现实生活，围绕学习就业、社团生活、志愿者活动、心理健康、校园文化、团日活动、创新创业等方面，表现时代精神和“最美青春”的比赛主题，展现青年大学生践行核心价值观、追逐青春梦想的历程。 2、主题鲜明，情节合理，贴近生活。要有完整的剧情主线，具备内容丰富，构思新颖，在拍摄上具备可操作性。 3、剧本必须为原创，作者享有独立的版权，内容不得涉及侵权问题，不得由他人代替，不得抄袭，可参考网上的素材，但所占作品内容不得超过20%，否则视为抄袭，一经发现，立即取消参赛资格。若是借用网上素材，建议附交所采用素材说明。不接受已完成拍摄的微电影剧本。 4、剧本可供拍摄时长限度在10分钟以内，字数5000字以内。不接受剧本大纲、创意、故事梗概等文字过于简略的稿件以及小说、散文、电视剧等其他体裁的稿件。 5、剧本提交格式：①封面：注明剧本名称、编剧姓名、联系电话、电子邮箱；②扉页：剧本大纲和主要人物简介表；③剧本正文。 6、剧本类别：心理健康类、社团生活类、校园生活类志愿服务类、创新创业类、校园文化类。', '1', '1', '2014-10-18 22:14:52', '2014-10-29 12:00:00', '2014-12-14 22:30:00', '1', '0.687361', '0000');
INSERT INTO `activities` VALUES ('17', '100010', '4', '唱出你的心声', '广东韶关', '韶关学院丁香苑c612', '/images/poster/4/3.jpg', '活动对象： 	韶关学院全日制在校学生 活动时间： 	2014年11—12月 活动要求： 1、作品要以思想性、艺术性和观赏性统一的原则，反映大学生现实生活，围绕学习就业、社团生活、志愿者活动、心理健康、校园文化、团日活动、创新创业等方面，表现时代精神和“最美青春”的比赛主题，展现青年大学生践行核心价值观、追逐青春梦想的历程。 2、主题鲜明，情节合理，贴近生活。要有完整的剧情主线，具备内容丰富，构思新颖，在拍摄上具备可操作性。 3、剧本必须为原创，作者享有独立的版权，内容不得涉及侵权问题，不得由他人代替，不得抄袭，可参考网上的素材，但所占作品内容不得超过20%，否则视为抄袭，一经发现，立即取消参赛资格。若是借用网上素材，建议附交所采用素材说明。不接受已完成拍摄的微电影剧本。 4、剧本可供拍摄时长限度在10分钟以内，字数5000字以内。不接受剧本大纲、创意、故事梗概等文字过于简略的稿件以及小说、散文、电视剧等其他体裁的稿件。 5、剧本提交格式：①封面：注明剧本名称、编剧姓名、联系电话、电子邮箱；②扉页：剧本大纲和主要人物简介表；③剧本正文。 6、剧本类别：心理健康类、社团生活类、校园生活类志愿服务类、创新创业类、校园文化类。', '1', '1', '2014-10-19 22:14:52', '2014-10-29 12:00:00', '2014-12-14 22:30:00', '1', '0.750605', '0000');
INSERT INTO `activities` VALUES ('18', '100011', '5', '奔跑吧，骚年。', '广东韶关', '韶关学院丁香苑c612', '/images/poster/5/3.jpg', '活动对象： 	韶关学院全日制在校学生 活动时间： 	2014年11—12月 活动要求： 1、作品要以思想性、艺术性和观赏性统一的原则，反映大学生现实生活，围绕学习就业、社团生活、志愿者活动、心理健康、校园文化、团日活动、创新创业等方面，表现时代精神和“最美青春”的比赛主题，展现青年大学生践行核心价值观、追逐青春梦想的历程。 2、主题鲜明，情节合理，贴近生活。要有完整的剧情主线，具备内容丰富，构思新颖，在拍摄上具备可操作性。 3、剧本必须为原创，作者享有独立的版权，内容不得涉及侵权问题，不得由他人代替，不得抄袭，可参考网上的素材，但所占作品内容不得超过20%，否则视为抄袭，一经发现，立即取消参赛资格。若是借用网上素材，建议附交所采用素材说明。不接受已完成拍摄的微电影剧本。 4、剧本可供拍摄时长限度在10分钟以内，字数5000字以内。不接受剧本大纲、创意、故事梗概等文字过于简略的稿件以及小说、散文、电视剧等其他体裁的稿件。 5、剧本提交格式：①封面：注明剧本名称、编剧姓名、联系电话、电子邮箱；②扉页：剧本大纲和主要人物简介表；③剧本正文。 6、剧本类别：心理健康类、社团生活类、校园生活类志愿服务类、创新创业类、校园文化类。', '1', '1', '2014-10-20 22:14:52', '2014-10-29 12:00:00', '2014-12-14 22:30:00', '1', '0.665625', '0000');
INSERT INTO `activities` VALUES ('19', '100001', '6', '拔河比赛', '广东韶关', '韶关学院丁香苑c612', '/images/poster/6/3.jpg', '活动对象： 	韶关学院全日制在校学生 活动时间： 	2014年11—12月 活动要求： 1、作品要以思想性、艺术性和观赏性统一的原则，反映大学生现实生活，围绕学习就业、社团生活、志愿者活动、心理健康、校园文化、团日活动、创新创业等方面，表现时代精神和“最美青春”的比赛主题，展现青年大学生践行核心价值观、追逐青春梦想的历程。 2、主题鲜明，情节合理，贴近生活。要有完整的剧情主线，具备内容丰富，构思新颖，在拍摄上具备可操作性。 3、剧本必须为原创，作者享有独立的版权，内容不得涉及侵权问题，不得由他人代替，不得抄袭，可参考网上的素材，但所占作品内容不得超过20%，否则视为抄袭，一经发现，立即取消参赛资格。若是借用网上素材，建议附交所采用素材说明。不接受已完成拍摄的微电影剧本。 4、剧本可供拍摄时长限度在10分钟以内，字数5000字以内。不接受剧本大纲、创意、故事梗概等文字过于简略的稿件以及小说、散文、电视剧等其他体裁的稿件。 5、剧本提交格式：①封面：注明剧本名称、编剧姓名、联系电话、电子邮箱；②扉页：剧本大纲和主要人物简介表；③剧本正文。 6、剧本类别：心理健康类、社团生活类、校园生活类志愿服务类、创新创业类、校园文化类。', '1', '1', '2014-10-21 22:14:52', '2014-10-29 12:00:00', '2014-12-14 22:30:00', '1', '0.662393', '0001');
INSERT INTO `activities` VALUES ('20', '100012', '1', '美食の聚', '广东韶关', '韶关学院丁香苑c612', '/images/poster/1/4.jpg', '活动对象： 	韶关学院全日制在校学生 活动时间： 	2014年11—12月 活动要求： 1、作品要以思想性、艺术性和观赏性统一的原则，反映大学生现实生活，围绕学习就业、社团生活、志愿者活动、心理健康、校园文化、团日活动、创新创业等方面，表现时代精神和“最美青春”的比赛主题，展现青年大学生践行核心价值观、追逐青春梦想的历程。 2、主题鲜明，情节合理，贴近生活。要有完整的剧情主线，具备内容丰富，构思新颖，在拍摄上具备可操作性。 3、剧本必须为原创，作者享有独立的版权，内容不得涉及侵权问题，不得由他人代替，不得抄袭，可参考网上的素材，但所占作品内容不得超过20%，否则视为抄袭，一经发现，立即取消参赛资格。若是借用网上素材，建议附交所采用素材说明。不接受已完成拍摄的微电影剧本。 4、剧本可供拍摄时长限度在10分钟以内，字数5000字以内。不接受剧本大纲、创意、故事梗概等文字过于简略的稿件以及小说、散文、电视剧等其他体裁的稿件。 5、剧本提交格式：①封面：注明剧本名称、编剧姓名、联系电话、电子邮箱；②扉页：剧本大纲和主要人物简介表；③剧本正文。 6、剧本类别：心理健康类、社团生活类、校园生活类志愿服务类、创新创业类、校园文化类。', '1', '1', '2014-10-22 22:14:52', '2014-10-29 12:00:00', '2014-12-14 22:30:00', '1', '0.665625', '0000');
INSERT INTO `activities` VALUES ('21', '100013', '2', '韶关丹霞山', '广东韶关', '韶关学院丁香苑c612', '/images/poster/2/4.jpg', '活动对象： 	韶关学院全日制在校学生 活动时间： 	2014年11—12月 活动要求： 1、作品要以思想性、艺术性和观赏性统一的原则，反映大学生现实生活，围绕学习就业、社团生活、志愿者活动、心理健康、校园文化、团日活动、创新创业等方面，表现时代精神和“最美青春”的比赛主题，展现青年大学生践行核心价值观、追逐青春梦想的历程。 2、主题鲜明，情节合理，贴近生活。要有完整的剧情主线，具备内容丰富，构思新颖，在拍摄上具备可操作性。 3、剧本必须为原创，作者享有独立的版权，内容不得涉及侵权问题，不得由他人代替，不得抄袭，可参考网上的素材，但所占作品内容不得超过20%，否则视为抄袭，一经发现，立即取消参赛资格。若是借用网上素材，建议附交所采用素材说明。不接受已完成拍摄的微电影剧本。 4、剧本可供拍摄时长限度在10分钟以内，字数5000字以内。不接受剧本大纲、创意、故事梗概等文字过于简略的稿件以及小说、散文、电视剧等其他体裁的稿件。 5、剧本提交格式：①封面：注明剧本名称、编剧姓名、联系电话、电子邮箱；②扉页：剧本大纲和主要人物简介表；③剧本正文。 6、剧本类别：心理健康类、社团生活类、校园生活类志愿服务类、创新创业类、校园文化类。', '1', '1', '2014-10-23 22:14:52', '2014-10-29 12:00:00', '2014-12-14 22:30:00', '1', '0.665625', '0000');
INSERT INTO `activities` VALUES ('22', '100014', '3', '游戏切磋', '广东韶关', '韶关学院丁香苑c612', '/images/poster/3/4.jpg', '活动对象： 	韶关学院全日制在校学生 活动时间： 	2014年11—12月 活动要求： 1、作品要以思想性、艺术性和观赏性统一的原则，反映大学生现实生活，围绕学习就业、社团生活、志愿者活动、心理健康、校园文化、团日活动、创新创业等方面，表现时代精神和“最美青春”的比赛主题，展现青年大学生践行核心价值观、追逐青春梦想的历程。 2、主题鲜明，情节合理，贴近生活。要有完整的剧情主线，具备内容丰富，构思新颖，在拍摄上具备可操作性。 3、剧本必须为原创，作者享有独立的版权，内容不得涉及侵权问题，不得由他人代替，不得抄袭，可参考网上的素材，但所占作品内容不得超过20%，否则视为抄袭，一经发现，立即取消参赛资格。若是借用网上素材，建议附交所采用素材说明。不接受已完成拍摄的微电影剧本。 4、剧本可供拍摄时长限度在10分钟以内，字数5000字以内。不接受剧本大纲、创意、故事梗概等文字过于简略的稿件以及小说、散文、电视剧等其他体裁的稿件。 5、剧本提交格式：①封面：注明剧本名称、编剧姓名、联系电话、电子邮箱；②扉页：剧本大纲和主要人物简介表；③剧本正文。 6、剧本类别：心理健康类、社团生活类、校园生活类志愿服务类、创新创业类、校园文化类。', '1', '1', '2014-10-24 22:14:52', '2014-10-29 12:00:00', '2014-12-14 22:30:00', '1', '0.666666', '0000');
INSERT INTO `activities` VALUES ('23', '100015', '4', '唱出你的心声', '广东韶关', '韶关学院丁香苑c612', '/images/poster/4/4.jpg', '活动对象： 	韶关学院全日制在校学生 活动时间： 	2014年11—12月 活动要求： 1、作品要以思想性、艺术性和观赏性统一的原则，反映大学生现实生活，围绕学习就业、社团生活、志愿者活动、心理健康、校园文化、团日活动、创新创业等方面，表现时代精神和“最美青春”的比赛主题，展现青年大学生践行核心价值观、追逐青春梦想的历程。 2、主题鲜明，情节合理，贴近生活。要有完整的剧情主线，具备内容丰富，构思新颖，在拍摄上具备可操作性。 3、剧本必须为原创，作者享有独立的版权，内容不得涉及侵权问题，不得由他人代替，不得抄袭，可参考网上的素材，但所占作品内容不得超过20%，否则视为抄袭，一经发现，立即取消参赛资格。若是借用网上素材，建议附交所采用素材说明。不接受已完成拍摄的微电影剧本。 4、剧本可供拍摄时长限度在10分钟以内，字数5000字以内。不接受剧本大纲、创意、故事梗概等文字过于简略的稿件以及小说、散文、电视剧等其他体裁的稿件。 5、剧本提交格式：①封面：注明剧本名称、编剧姓名、联系电话、电子邮箱；②扉页：剧本大纲和主要人物简介表；③剧本正文。 6、剧本类别：心理健康类、社团生活类、校园生活类志愿服务类、创新创业类、校园文化类。', '1', '1', '2014-10-25 22:14:52', '2014-10-29 12:00:00', '2014-12-14 22:30:00', '1', '0.672451', '0000');
INSERT INTO `activities` VALUES ('24', '100012', '5', '奔跑吧，骚年。', '广东韶关', '韶关学院丁香苑c612', '/images/poster/5/4.jpg', '活动对象： 	韶关学院全日制在校学生 活动时间： 	2014年11—12月 活动要求： 1、作品要以思想性、艺术性和观赏性统一的原则，反映大学生现实生活，围绕学习就业、社团生活、志愿者活动、心理健康、校园文化、团日活动、创新创业等方面，表现时代精神和“最美青春”的比赛主题，展现青年大学生践行核心价值观、追逐青春梦想的历程。 2、主题鲜明，情节合理，贴近生活。要有完整的剧情主线，具备内容丰富，构思新颖，在拍摄上具备可操作性。 3、剧本必须为原创，作者享有独立的版权，内容不得涉及侵权问题，不得由他人代替，不得抄袭，可参考网上的素材，但所占作品内容不得超过20%，否则视为抄袭，一经发现，立即取消参赛资格。若是借用网上素材，建议附交所采用素材说明。不接受已完成拍摄的微电影剧本。 4、剧本可供拍摄时长限度在10分钟以内，字数5000字以内。不接受剧本大纲、创意、故事梗概等文字过于简略的稿件以及小说、散文、电视剧等其他体裁的稿件。 5、剧本提交格式：①封面：注明剧本名称、编剧姓名、联系电话、电子邮箱；②扉页：剧本大纲和主要人物简介表；③剧本正文。 6、剧本类别：心理健康类、社团生活类、校园生活类志愿服务类、创新创业类、校园文化类。', '1', '1', '2014-11-09 17:29:46', '2014-10-29 12:00:00', '2014-12-14 22:30:00', '1', '0.666666', '0000');
INSERT INTO `activities` VALUES ('25', '100004', '6', '乒乓球比赛', '广东韶关', '韶关学院丁香苑c612', '/images/poster/6/4.jpg', '活动对象： 	韶关学院全日制在校学生 活动时间： 	2014年11—12月 活动要求： 1、作品要以思想性、艺术性和观赏性统一的原则，反映大学生现实生活，围绕学习就业、社团生活、志愿者活动、心理健康、校园文化、团日活动、创新创业等方面，表现时代精神和“最美青春”的比赛主题，展现青年大学生践行核心价值观、追逐青春梦想的历程。 2、主题鲜明，情节合理，贴近生活。要有完整的剧情主线，具备内容丰富，构思新颖，在拍摄上具备可操作性。 3、剧本必须为原创，作者享有独立的版权，内容不得涉及侵权问题，不得由他人代替，不得抄袭，可参考网上的素材，但所占作品内容不得超过20%，否则视为抄袭，一经发现，立即取消参赛资格。若是借用网上素材，建议附交所采用素材说明。不接受已完成拍摄的微电影剧本。 4、剧本可供拍摄时长限度在10分钟以内，字数5000字以内。不接受剧本大纲、创意、故事梗概等文字过于简略的稿件以及小说、散文、电视剧等其他体裁的稿件。 5、剧本提交格式：①封面：注明剧本名称、编剧姓名、联系电话、电子邮箱；②扉页：剧本大纲和主要人物简介表；③剧本正文。 6、剧本类别：心理健康类、社团生活类、校园生活类志愿服务类、创新创业类、校园文化类。', '1', '1', '2014-11-09 17:29:46', '2014-10-29 12:00:00', '2014-12-14 22:30:00', '1', '0.666666', '0001');
INSERT INTO `activities` VALUES ('26', '100015', '1', '美食の聚', '广东韶关', '韶关学院丁香苑c612', '/images/poster/1/5.jpg', '活动对象： 	韶关学院全日制在校学生 活动时间： 	2014年11—12月 活动要求： 1、作品要以思想性、艺术性和观赏性统一的原则，反映大学生现实生活，围绕学习就业、社团生活、志愿者活动、心理健康、校园文化、团日活动、创新创业等方面，表现时代精神和“最美青春”的比赛主题，展现青年大学生践行核心价值观、追逐青春梦想的历程。 2、主题鲜明，情节合理，贴近生活。要有完整的剧情主线，具备内容丰富，构思新颖，在拍摄上具备可操作性。 3、剧本必须为原创，作者享有独立的版权，内容不得涉及侵权问题，不得由他人代替，不得抄袭，可参考网上的素材，但所占作品内容不得超过20%，否则视为抄袭，一经发现，立即取消参赛资格。若是借用网上素材，建议附交所采用素材说明。不接受已完成拍摄的微电影剧本。 4、剧本可供拍摄时长限度在10分钟以内，字数5000字以内。不接受剧本大纲、创意、故事梗概等文字过于简略的稿件以及小说、散文、电视剧等其他体裁的稿件。 5、剧本提交格式：①封面：注明剧本名称、编剧姓名、联系电话、电子邮箱；②扉页：剧本大纲和主要人物简介表；③剧本正文。 6、剧本类别：心理健康类、社团生活类、校园生活类志愿服务类、创新创业类、校园文化类。', '1', '1', '2014-10-15 22:14:52', '2014-10-29 12:00:00', '2014-12-14 22:30:00', '1', '0.665625', '0000');
INSERT INTO `activities` VALUES ('27', '100006', '2', '韶关丹霞山', '广东韶关', '韶关学院丁香苑c612', '/images/poster/2/5.jpg', '活动对象： 	韶关学院全日制在校学生 活动时间： 	2014年11—12月 活动要求： 1、作品要以思想性、艺术性和观赏性统一的原则，反映大学生现实生活，围绕学习就业、社团生活、志愿者活动、心理健康、校园文化、团日活动、创新创业等方面，表现时代精神和“最美青春”的比赛主题，展现青年大学生践行核心价值观、追逐青春梦想的历程。 2、主题鲜明，情节合理，贴近生活。要有完整的剧情主线，具备内容丰富，构思新颖，在拍摄上具备可操作性。 3、剧本必须为原创，作者享有独立的版权，内容不得涉及侵权问题，不得由他人代替，不得抄袭，可参考网上的素材，但所占作品内容不得超过20%，否则视为抄袭，一经发现，立即取消参赛资格。若是借用网上素材，建议附交所采用素材说明。不接受已完成拍摄的微电影剧本。 4、剧本可供拍摄时长限度在10分钟以内，字数5000字以内。不接受剧本大纲、创意、故事梗概等文字过于简略的稿件以及小说、散文、电视剧等其他体裁的稿件。 5、剧本提交格式：①封面：注明剧本名称、编剧姓名、联系电话、电子邮箱；②扉页：剧本大纲和主要人物简介表；③剧本正文。 6、剧本类别：心理健康类、社团生活类、校园生活类志愿服务类、创新创业类、校园文化类。', '1', '1', '2014-10-16 22:14:52', '2014-10-29 12:00:00', '2014-12-14 22:30:00', '1', '0.665625', '0000');
INSERT INTO `activities` VALUES ('28', '100007', '3', '游戏切磋', '广东韶关', '韶关学院丁香苑c612', '/images/poster/3/5.jpg', '活动对象： 	韶关学院全日制在校学生 活动时间： 	2014年11—12月 活动要求： 1、作品要以思想性、艺术性和观赏性统一的原则，反映大学生现实生活，围绕学习就业、社团生活、志愿者活动、心理健康、校园文化、团日活动、创新创业等方面，表现时代精神和“最美青春”的比赛主题，展现青年大学生践行核心价值观、追逐青春梦想的历程。 2、主题鲜明，情节合理，贴近生活。要有完整的剧情主线，具备内容丰富，构思新颖，在拍摄上具备可操作性。 3、剧本必须为原创，作者享有独立的版权，内容不得涉及侵权问题，不得由他人代替，不得抄袭，可参考网上的素材，但所占作品内容不得超过20%，否则视为抄袭，一经发现，立即取消参赛资格。若是借用网上素材，建议附交所采用素材说明。不接受已完成拍摄的微电影剧本。 4、剧本可供拍摄时长限度在10分钟以内，字数5000字以内。不接受剧本大纲、创意、故事梗概等文字过于简略的稿件以及小说、散文、电视剧等其他体裁的稿件。 5、剧本提交格式：①封面：注明剧本名称、编剧姓名、联系电话、电子邮箱；②扉页：剧本大纲和主要人物简介表；③剧本正文。 6、剧本类别：心理健康类、社团生活类、校园生活类志愿服务类、创新创业类、校园文化类。', '1', '1', '2014-10-18 22:14:52', '2014-10-29 12:00:00', '2014-12-14 22:30:00', '1', '0.687361', '0000');
INSERT INTO `activities` VALUES ('29', '100008', '4', '唱出你的心声', '广东韶关', '韶关学院丁香苑c612', '/images/poster/4/5.jpg', '活动对象： 	韶关学院全日制在校学生 活动时间： 	2014年11—12月 活动要求： 1、作品要以思想性、艺术性和观赏性统一的原则，反映大学生现实生活，围绕学习就业、社团生活、志愿者活动、心理健康、校园文化、团日活动、创新创业等方面，表现时代精神和“最美青春”的比赛主题，展现青年大学生践行核心价值观、追逐青春梦想的历程。 2、主题鲜明，情节合理，贴近生活。要有完整的剧情主线，具备内容丰富，构思新颖，在拍摄上具备可操作性。 3、剧本必须为原创，作者享有独立的版权，内容不得涉及侵权问题，不得由他人代替，不得抄袭，可参考网上的素材，但所占作品内容不得超过20%，否则视为抄袭，一经发现，立即取消参赛资格。若是借用网上素材，建议附交所采用素材说明。不接受已完成拍摄的微电影剧本。 4、剧本可供拍摄时长限度在10分钟以内，字数5000字以内。不接受剧本大纲、创意、故事梗概等文字过于简略的稿件以及小说、散文、电视剧等其他体裁的稿件。 5、剧本提交格式：①封面：注明剧本名称、编剧姓名、联系电话、电子邮箱；②扉页：剧本大纲和主要人物简介表；③剧本正文。 6、剧本类别：心理健康类、社团生活类、校园生活类志愿服务类、创新创业类、校园文化类。', '1', '1', '2014-10-19 22:14:52', '2014-10-29 12:00:00', '2014-12-14 22:30:00', '1', '0.750605', '0000');
INSERT INTO `activities` VALUES ('30', '100009', '5', '求陪同~', '广东韶关', '韶关学院丁香苑c612', '/images/poster/5/5.jpg', '活动对象： 	韶关学院全日制在校学生 活动时间： 	2014年11—12月 活动要求： 1、作品要以思想性、艺术性和观赏性统一的原则，反映大学生现实生活，围绕学习就业、社团生活、志愿者活动、心理健康、校园文化、团日活动、创新创业等方面，表现时代精神和“最美青春”的比赛主题，展现青年大学生践行核心价值观、追逐青春梦想的历程。 2、主题鲜明，情节合理，贴近生活。要有完整的剧情主线，具备内容丰富，构思新颖，在拍摄上具备可操作性。 3、剧本必须为原创，作者享有独立的版权，内容不得涉及侵权问题，不得由他人代替，不得抄袭，可参考网上的素材，但所占作品内容不得超过20%，否则视为抄袭，一经发现，立即取消参赛资格。若是借用网上素材，建议附交所采用素材说明。不接受已完成拍摄的微电影剧本。 4、剧本可供拍摄时长限度在10分钟以内，字数5000字以内。不接受剧本大纲、创意、故事梗概等文字过于简略的稿件以及小说、散文、电视剧等其他体裁的稿件。 5、剧本提交格式：①封面：注明剧本名称、编剧姓名、联系电话、电子邮箱；②扉页：剧本大纲和主要人物简介表；③剧本正文。 6、剧本类别：心理健康类、社团生活类、校园生活类志愿服务类、创新创业类、校园文化类。', '1', '1', '2014-10-20 22:14:52', '2014-10-29 12:00:00', '2014-12-14 22:30:00', '1', '0.665625', '0000');
INSERT INTO `activities` VALUES ('31', '100002', '6', '宿舍文化体育舞蹈比赛', '广东韶关', '韶关学院丁香苑c612', '/images/poster/6/5.jpg', '活动对象： 	韶关学院全日制在校学生 活动时间： 	2014年11—12月 活动要求： 1、作品要以思想性、艺术性和观赏性统一的原则，反映大学生现实生活，围绕学习就业、社团生活、志愿者活动、心理健康、校园文化、团日活动、创新创业等方面，表现时代精神和“最美青春”的比赛主题，展现青年大学生践行核心价值观、追逐青春梦想的历程。 2、主题鲜明，情节合理，贴近生活。要有完整的剧情主线，具备内容丰富，构思新颖，在拍摄上具备可操作性。 3、剧本必须为原创，作者享有独立的版权，内容不得涉及侵权问题，不得由他人代替，不得抄袭，可参考网上的素材，但所占作品内容不得超过20%，否则视为抄袭，一经发现，立即取消参赛资格。若是借用网上素材，建议附交所采用素材说明。不接受已完成拍摄的微电影剧本。 4、剧本可供拍摄时长限度在10分钟以内，字数5000字以内。不接受剧本大纲、创意、故事梗概等文字过于简略的稿件以及小说、散文、电视剧等其他体裁的稿件。 5、剧本提交格式：①封面：注明剧本名称、编剧姓名、联系电话、电子邮箱；②扉页：剧本大纲和主要人物简介表；③剧本正文。 6、剧本类别：心理健康类、社团生活类、校园生活类志愿服务类、创新创业类、校园文化类。', '1', '1', '2014-10-21 22:14:52', '2014-10-29 12:00:00', '2014-12-14 22:30:00', '1', '0.662393', '0000');
INSERT INTO `activities` VALUES ('32', '100010', '1', '美食の聚', '广东韶关', '韶关学院丁香苑c612', '/images/poster/1/6.jpg', '活动对象： 	韶关学院全日制在校学生 活动时间： 	2014年11—12月 活动要求： 1、作品要以思想性、艺术性和观赏性统一的原则，反映大学生现实生活，围绕学习就业、社团生活、志愿者活动、心理健康、校园文化、团日活动、创新创业等方面，表现时代精神和“最美青春”的比赛主题，展现青年大学生践行核心价值观、追逐青春梦想的历程。 2、主题鲜明，情节合理，贴近生活。要有完整的剧情主线，具备内容丰富，构思新颖，在拍摄上具备可操作性。 3、剧本必须为原创，作者享有独立的版权，内容不得涉及侵权问题，不得由他人代替，不得抄袭，可参考网上的素材，但所占作品内容不得超过20%，否则视为抄袭，一经发现，立即取消参赛资格。若是借用网上素材，建议附交所采用素材说明。不接受已完成拍摄的微电影剧本。 4、剧本可供拍摄时长限度在10分钟以内，字数5000字以内。不接受剧本大纲、创意、故事梗概等文字过于简略的稿件以及小说、散文、电视剧等其他体裁的稿件。 5、剧本提交格式：①封面：注明剧本名称、编剧姓名、联系电话、电子邮箱；②扉页：剧本大纲和主要人物简介表；③剧本正文。 6、剧本类别：心理健康类、社团生活类、校园生活类志愿服务类、创新创业类、校园文化类。', '1', '1', '2014-10-22 22:14:52', '2014-10-29 12:00:00', '2014-12-14 22:30:00', '1', '0.665625', '0000');
INSERT INTO `activities` VALUES ('33', '100011', '2', '单车走天涯', '广东韶关', '韶关学院丁香苑c612', '/images/poster/2/6.jpg', '活动对象： 	韶关学院全日制在校学生 活动时间： 	2014年11—12月 活动要求： 1、作品要以思想性、艺术性和观赏性统一的原则，反映大学生现实生活，围绕学习就业、社团生活、志愿者活动、心理健康、校园文化、团日活动、创新创业等方面，表现时代精神和“最美青春”的比赛主题，展现青年大学生践行核心价值观、追逐青春梦想的历程。 2、主题鲜明，情节合理，贴近生活。要有完整的剧情主线，具备内容丰富，构思新颖，在拍摄上具备可操作性。 3、剧本必须为原创，作者享有独立的版权，内容不得涉及侵权问题，不得由他人代替，不得抄袭，可参考网上的素材，但所占作品内容不得超过20%，否则视为抄袭，一经发现，立即取消参赛资格。若是借用网上素材，建议附交所采用素材说明。不接受已完成拍摄的微电影剧本。 4、剧本可供拍摄时长限度在10分钟以内，字数5000字以内。不接受剧本大纲、创意、故事梗概等文字过于简略的稿件以及小说、散文、电视剧等其他体裁的稿件。 5、剧本提交格式：①封面：注明剧本名称、编剧姓名、联系电话、电子邮箱；②扉页：剧本大纲和主要人物简介表；③剧本正文。 6、剧本类别：心理健康类、社团生活类、校园生活类志愿服务类、创新创业类、校园文化类。', '1', '1', '2014-10-23 22:14:52', '2014-10-29 12:00:00', '2014-12-14 22:30:00', '1', '0.665625', '0000');
INSERT INTO `activities` VALUES ('34', '100012', '3', '一起鲁啊鲁', '广东韶关', '韶关学院丁香苑c612', '/images/poster/3/6.jpg', '活动对象： 	韶关学院全日制在校学生 活动时间： 	2014年11—12月 活动要求： 1、作品要以思想性、艺术性和观赏性统一的原则，反映大学生现实生活，围绕学习就业、社团生活、志愿者活动、心理健康、校园文化、团日活动、创新创业等方面，表现时代精神和“最美青春”的比赛主题，展现青年大学生践行核心价值观、追逐青春梦想的历程。 2、主题鲜明，情节合理，贴近生活。要有完整的剧情主线，具备内容丰富，构思新颖，在拍摄上具备可操作性。 3、剧本必须为原创，作者享有独立的版权，内容不得涉及侵权问题，不得由他人代替，不得抄袭，可参考网上的素材，但所占作品内容不得超过20%，否则视为抄袭，一经发现，立即取消参赛资格。若是借用网上素材，建议附交所采用素材说明。不接受已完成拍摄的微电影剧本。 4、剧本可供拍摄时长限度在10分钟以内，字数5000字以内。不接受剧本大纲、创意、故事梗概等文字过于简略的稿件以及小说、散文、电视剧等其他体裁的稿件。 5、剧本提交格式：①封面：注明剧本名称、编剧姓名、联系电话、电子邮箱；②扉页：剧本大纲和主要人物简介表；③剧本正文。 6、剧本类别：心理健康类、社团生活类、校园生活类志愿服务类、创新创业类、校园文化类。', '1', '1', '2014-10-24 22:14:52', '2014-10-29 12:00:00', '2014-12-14 22:30:00', '1', '0.666666', '0000');
INSERT INTO `activities` VALUES ('35', '100013', '4', '唱出你的心声', '广东韶关', '韶关学院丁香苑c612', '/images/poster/4/6.jpg', '活动对象： 	韶关学院全日制在校学生 活动时间： 	2014年11—12月 活动要求： 1、作品要以思想性、艺术性和观赏性统一的原则，反映大学生现实生活，围绕学习就业、社团生活、志愿者活动、心理健康、校园文化、团日活动、创新创业等方面，表现时代精神和“最美青春”的比赛主题，展现青年大学生践行核心价值观、追逐青春梦想的历程。 2、主题鲜明，情节合理，贴近生活。要有完整的剧情主线，具备内容丰富，构思新颖，在拍摄上具备可操作性。 3、剧本必须为原创，作者享有独立的版权，内容不得涉及侵权问题，不得由他人代替，不得抄袭，可参考网上的素材，但所占作品内容不得超过20%，否则视为抄袭，一经发现，立即取消参赛资格。若是借用网上素材，建议附交所采用素材说明。不接受已完成拍摄的微电影剧本。 4、剧本可供拍摄时长限度在10分钟以内，字数5000字以内。不接受剧本大纲、创意、故事梗概等文字过于简略的稿件以及小说、散文、电视剧等其他体裁的稿件。 5、剧本提交格式：①封面：注明剧本名称、编剧姓名、联系电话、电子邮箱；②扉页：剧本大纲和主要人物简介表；③剧本正文。 6、剧本类别：心理健康类、社团生活类、校园生活类志愿服务类、创新创业类、校园文化类。', '1', '1', '2014-10-25 22:14:52', '2014-10-29 12:00:00', '2014-12-14 22:30:00', '1', '0.672451', '0000');
INSERT INTO `activities` VALUES ('36', '100014', '5', '夕阳下的奔跑', '广东韶关', '韶关学院丁香苑c612', '/images/poster/5/6.jpg', '活动对象： 	韶关学院全日制在校学生 活动时间： 	2014年11—12月 活动要求： 1、作品要以思想性、艺术性和观赏性统一的原则，反映大学生现实生活，围绕学习就业、社团生活、志愿者活动、心理健康、校园文化、团日活动、创新创业等方面，表现时代精神和“最美青春”的比赛主题，展现青年大学生践行核心价值观、追逐青春梦想的历程。 2、主题鲜明，情节合理，贴近生活。要有完整的剧情主线，具备内容丰富，构思新颖，在拍摄上具备可操作性。 3、剧本必须为原创，作者享有独立的版权，内容不得涉及侵权问题，不得由他人代替，不得抄袭，可参考网上的素材，但所占作品内容不得超过20%，否则视为抄袭，一经发现，立即取消参赛资格。若是借用网上素材，建议附交所采用素材说明。不接受已完成拍摄的微电影剧本。 4、剧本可供拍摄时长限度在10分钟以内，字数5000字以内。不接受剧本大纲、创意、故事梗概等文字过于简略的稿件以及小说、散文、电视剧等其他体裁的稿件。 5、剧本提交格式：①封面：注明剧本名称、编剧姓名、联系电话、电子邮箱；②扉页：剧本大纲和主要人物简介表；③剧本正文。 6、剧本类别：心理健康类、社团生活类、校园生活类志愿服务类、创新创业类、校园文化类。', '1', '1', '2014-11-09 17:29:46', '2014-10-29 12:00:00', '2014-12-14 22:30:00', '1', '0.666666', '0000');
INSERT INTO `activities` VALUES ('37', '100003', '6', '荧光夜跑趣味活动', '广东韶关', '韶关学院丁香苑c612', '/images/poster/6/6.jpg', '活动对象： 	韶关学院全日制在校学生 活动时间： 	2014年11—12月 活动要求： 1、作品要以思想性、艺术性和观赏性统一的原则，反映大学生现实生活，围绕学习就业、社团生活、志愿者活动、心理健康、校园文化、团日活动、创新创业等方面，表现时代精神和“最美青春”的比赛主题，展现青年大学生践行核心价值观、追逐青春梦想的历程。 2、主题鲜明，情节合理，贴近生活。要有完整的剧情主线，具备内容丰富，构思新颖，在拍摄上具备可操作性。 3、剧本必须为原创，作者享有独立的版权，内容不得涉及侵权问题，不得由他人代替，不得抄袭，可参考网上的素材，但所占作品内容不得超过20%，否则视为抄袭，一经发现，立即取消参赛资格。若是借用网上素材，建议附交所采用素材说明。不接受已完成拍摄的微电影剧本。 4、剧本可供拍摄时长限度在10分钟以内，字数5000字以内。不接受剧本大纲、创意、故事梗概等文字过于简略的稿件以及小说、散文、电视剧等其他体裁的稿件。 5、剧本提交格式：①封面：注明剧本名称、编剧姓名、联系电话、电子邮箱；②扉页：剧本大纲和主要人物简介表；③剧本正文。 6、剧本类别：心理健康类、社团生活类、校园生活类志愿服务类、创新创业类、校园文化类。', '1', '1', '2014-11-09 17:29:46', '2014-10-29 12:00:00', '2014-12-14 22:30:00', '1', '0.666666', '0000');
INSERT INTO `activities` VALUES ('38', '100001', '1', '美食交友，我请客', '广东韶关', '韶关学院丁香苑c612', '/images/poster/1/7.jpg', '主题：美食交友，我请客\r\n餐馆：新概念涮锅城\r\n地点：韶关浈江区韶关大学堕落街(新辉超市往里走15m)\r\n简介：新概念涮锅城口味重，我喜欢，辣到大汗淋漓，爽！菜系很多，就是份量少点。\r\n	其他都满意，有意的妹子们尽快参与进来。', '1', '1', '2014-10-22 22:14:52', '2014-10-29 12:00:00', '2014-12-14 22:30:00', '1', '0.665625', '0001');
INSERT INTO `activities` VALUES ('39', '100013', '2', '单车之旅', '广东韶关', '韶关学院丁香苑c612', '/images/poster/2/7.jpg', '活动对象： 	韶关学院全日制在校学生 活动时间： 	2014年11—12月 活动要求： 1、作品要以思想性、艺术性和观赏性统一的原则，反映大学生现实生活，围绕学习就业、社团生活、志愿者活动、心理健康、校园文化、团日活动、创新创业等方面，表现时代精神和“最美青春”的比赛主题，展现青年大学生践行核心价值观、追逐青春梦想的历程。 2、主题鲜明，情节合理，贴近生活。要有完整的剧情主线，具备内容丰富，构思新颖，在拍摄上具备可操作性。 3、剧本必须为原创，作者享有独立的版权，内容不得涉及侵权问题，不得由他人代替，不得抄袭，可参考网上的素材，但所占作品内容不得超过20%，否则视为抄袭，一经发现，立即取消参赛资格。若是借用网上素材，建议附交所采用素材说明。不接受已完成拍摄的微电影剧本。 4、剧本可供拍摄时长限度在10分钟以内，字数5000字以内。不接受剧本大纲、创意、故事梗概等文字过于简略的稿件以及小说、散文、电视剧等其他体裁的稿件。 5、剧本提交格式：①封面：注明剧本名称、编剧姓名、联系电话、电子邮箱；②扉页：剧本大纲和主要人物简介表；③剧本正文。 6、剧本类别：心理健康类、社团生活类、校园生活类志愿服务类、创新创业类、校园文化类。', '1', '1', '2014-10-23 22:14:52', '2014-10-29 12:00:00', '2014-12-14 22:30:00', '1', '0.665625', '0000');
INSERT INTO `activities` VALUES ('40', '100004', '3', '“dota2”游戏切磋', '广东韶关', '韶关学院丁香苑c612', '/images/poster/3/7.jpg', '主题：“dota2”游戏切磋\r\n简介：相对于玩英雄联盟的人数来说，玩dota2的人确实很少，本人喜欢玩dota2，但是身边的朋友们都在往英雄联盟，\r\n所以本人在这里发起dota2对战活动，各路高手都可以参与进来。可以添加本人的dota2账号：617060424', '1', '1', '2014-10-24 22:14:52', '2014-10-29 12:00:00', '2014-12-14 22:30:00', '1', '0.666666', '0000');
INSERT INTO `activities` VALUES ('41', '100005', '4', '唱出你的热情', '广东韶关', '韶关学院丁香苑c612', '/images/poster/4/7.jpg', '活动对象： 	韶关学院全日制在校学生 活动时间： 	2014年11—12月 活动要求： 1、作品要以思想性、艺术性和观赏性统一的原则，反映大学生现实生活，围绕学习就业、社团生活、志愿者活动、心理健康、校园文化、团日活动、创新创业等方面，表现时代精神和“最美青春”的比赛主题，展现青年大学生践行核心价值观、追逐青春梦想的历程。 2、主题鲜明，情节合理，贴近生活。要有完整的剧情主线，具备内容丰富，构思新颖，在拍摄上具备可操作性。 3、剧本必须为原创，作者享有独立的版权，内容不得涉及侵权问题，不得由他人代替，不得抄袭，可参考网上的素材，但所占作品内容不得超过20%，否则视为抄袭，一经发现，立即取消参赛资格。若是借用网上素材，建议附交所采用素材说明。不接受已完成拍摄的微电影剧本。 4、剧本可供拍摄时长限度在10分钟以内，字数5000字以内。不接受剧本大纲、创意、故事梗概等文字过于简略的稿件以及小说、散文、电视剧等其他体裁的稿件。 5、剧本提交格式：①封面：注明剧本名称、编剧姓名、联系电话、电子邮箱；②扉页：剧本大纲和主要人物简介表；③剧本正文。 6、剧本类别：心理健康类、社团生活类、校园生活类志愿服务类、创新创业类、校园文化类。', '1', '1', '2014-10-25 22:14:52', '2014-10-29 12:00:00', '2014-12-14 22:30:00', '1', '0.672451', '0000');
INSERT INTO `activities` VALUES ('42', '100002', '5', '奔跑吧，骚年。', '广东韶关', '韶关学院丁香苑c612', '/images/poster/5/7.jpg', '主题：奔跑吧，骚年。\r\n简介：还在宿舍宅着吗？你造吗？宅多致癌哦！\r\n	跑步是一个不错的运动，每天抽一个小时的时间跑步，就能够带到每天的减肥的运动量，还能够锻炼我们的肌肉。\r\n	现在本人发起夜跑活动，希望有人能够陪我一起跑，人数不限。', '1', '2', '2014-11-09 17:29:46', '2014-10-29 12:00:00', '2014-12-14 22:30:00', '1', '0.666666', '0001');
INSERT INTO `activities` VALUES ('43', '100001', '6', '运动摄影比赛', '广东韶关', '韶关学院丁香苑c612', '/images/poster/6/2.jpg', '活动对象： 	韶关学院全日制在校学生 活动时间： 	2014年11—12月 活动要求： 1、作品要以思想性、艺术性和观赏性统一的原则，反映大学生现实生活，围绕学习就业、社团生活、志愿者活动、心理健康、校园文化、团日活动、创新创业等方面，表现时代精神和“最美青春”的比赛主题，展现青年大学生践行核心价值观、追逐青春梦想的历程。 2、主题鲜明，情节合理，贴近生活。要有完整的剧情主线，具备内容丰富，构思新颖，在拍摄上具备可操作性。 3、剧本必须为原创，作者享有独立的版权，内容不得涉及侵权问题，不得由他人代替，不得抄袭，可参考网上的素材，但所占作品内容不得超过20%，否则视为抄袭，一经发现，立即取消参赛资格。若是借用网上素材，建议附交所采用素材说明。不接受已完成拍摄的微电影剧本。 4、剧本可供拍摄时长限度在10分钟以内，字数5000字以内。不接受剧本大纲、创意、故事梗概等文字过于简略的稿件以及小说、散文、电视剧等其他体裁的稿件。 5、剧本提交格式：①封面：注明剧本名称、编剧姓名、联系电话、电子邮箱；②扉页：剧本大纲和主要人物简介表；③剧本正文。 6、剧本类别：心理健康类、社团生活类、校园生活类志愿服务类、创新创业类、校园文化类。', '1', '1', '2014-11-09 17:29:46', '2014-10-29 12:00:00', '2014-12-14 22:30:00', '1', '0.666666', '0000');

-- ----------------------------
-- Table structure for `activities_type`
-- ----------------------------
DROP TABLE IF EXISTS `activities_type`;
CREATE TABLE `activities_type` (
  `type_id` int(11) NOT NULL AUTO_INCREMENT,
  `type_name` varchar(10) COLLATE utf8_unicode_ci DEFAULT NULL,
  PRIMARY KEY (`type_id`)
) ENGINE=InnoDB AUTO_INCREMENT=7 DEFAULT CHARSET=utf8 COLLATE=utf8_unicode_ci;

-- ----------------------------
-- Records of activities_type
-- ----------------------------
INSERT INTO `activities_type` VALUES ('1', '美食');
INSERT INTO `activities_type` VALUES ('2', '旅游');
INSERT INTO `activities_type` VALUES ('3', '打机');
INSERT INTO `activities_type` VALUES ('4', '唱K');
INSERT INTO `activities_type` VALUES ('5', '跑步');
INSERT INTO `activities_type` VALUES ('6', '社团');

-- ----------------------------
-- Table structure for `attend`
-- ----------------------------
DROP TABLE IF EXISTS `attend`;
CREATE TABLE `attend` (
  `attend_id` int(11) NOT NULL AUTO_INCREMENT,
  `activities_id` int(11) DEFAULT NULL,
  `user_id` int(11) DEFAULT NULL,
  PRIMARY KEY (`attend_id`),
  KEY `FK_Relationship_1` (`user_id`),
  KEY `FK_Relationship_4` (`activities_id`),
  CONSTRAINT `FK_Relationship_1` FOREIGN KEY (`user_id`) REFERENCES `user` (`user_id`),
  CONSTRAINT `FK_Relationship_4` FOREIGN KEY (`activities_id`) REFERENCES `activities` (`activities_id`)
) ENGINE=InnoDB AUTO_INCREMENT=84 DEFAULT CHARSET=utf8 COLLATE=utf8_unicode_ci;

-- ----------------------------
-- Records of attend
-- ----------------------------
INSERT INTO `attend` VALUES ('1', '1', '100006');
INSERT INTO `attend` VALUES ('2', '2', '100001');
INSERT INTO `attend` VALUES ('3', '4', '100001');
INSERT INTO `attend` VALUES ('4', '5', '100002');
INSERT INTO `attend` VALUES ('5', '6', '100006');
INSERT INTO `attend` VALUES ('6', '7', '100002');
INSERT INTO `attend` VALUES ('7', '8', '100007');
INSERT INTO `attend` VALUES ('8', '9', '100001');
INSERT INTO `attend` VALUES ('9', '10', '100004');
INSERT INTO `attend` VALUES ('10', '11', '100003');
INSERT INTO `attend` VALUES ('11', '12', '100008');
INSERT INTO `attend` VALUES ('12', '13', '100001');
INSERT INTO `attend` VALUES ('13', '14', '100008');
INSERT INTO `attend` VALUES ('14', '15', '100002');
INSERT INTO `attend` VALUES ('15', '16', '100009');
INSERT INTO `attend` VALUES ('16', '17', '100010');
INSERT INTO `attend` VALUES ('17', '18', '100011');
INSERT INTO `attend` VALUES ('18', '19', '100001');
INSERT INTO `attend` VALUES ('19', '20', '100012');
INSERT INTO `attend` VALUES ('20', '21', '100013');
INSERT INTO `attend` VALUES ('21', '22', '100014');
INSERT INTO `attend` VALUES ('22', '23', '100015');
INSERT INTO `attend` VALUES ('23', '24', '100012');
INSERT INTO `attend` VALUES ('24', '25', '100004');
INSERT INTO `attend` VALUES ('25', '26', '100015');
INSERT INTO `attend` VALUES ('26', '27', '100006');
INSERT INTO `attend` VALUES ('27', '28', '100007');
INSERT INTO `attend` VALUES ('28', '29', '100008');
INSERT INTO `attend` VALUES ('29', '30', '100009');
INSERT INTO `attend` VALUES ('30', '31', '100002');
INSERT INTO `attend` VALUES ('31', '32', '100010');
INSERT INTO `attend` VALUES ('32', '33', '100011');
INSERT INTO `attend` VALUES ('33', '34', '100012');
INSERT INTO `attend` VALUES ('34', '35', '100013');
INSERT INTO `attend` VALUES ('35', '36', '100014');
INSERT INTO `attend` VALUES ('36', '37', '100003');
INSERT INTO `attend` VALUES ('37', '38', '100001');
INSERT INTO `attend` VALUES ('38', '39', '100013');
INSERT INTO `attend` VALUES ('39', '40', '100004');
INSERT INTO `attend` VALUES ('40', '41', '100005');
INSERT INTO `attend` VALUES ('41', '42', '100002');
INSERT INTO `attend` VALUES ('42', '43', '100001');
INSERT INTO `attend` VALUES ('47', '40', '100002');
INSERT INTO `attend` VALUES ('49', '42', '100003');
INSERT INTO `attend` VALUES ('50', '42', '100005');
INSERT INTO `attend` VALUES ('51', '39', '100004');
INSERT INTO `attend` VALUES ('52', '42', '100006');
INSERT INTO `attend` VALUES ('53', '42', '100007');
INSERT INTO `attend` VALUES ('54', '42', '100008');
INSERT INTO `attend` VALUES ('55', '13', '100003');
INSERT INTO `attend` VALUES ('57', '39', '100001');
INSERT INTO `attend` VALUES ('58', '40', '100003');
INSERT INTO `attend` VALUES ('59', '39', '100003');
INSERT INTO `attend` VALUES ('60', '38', '100003');
INSERT INTO `attend` VALUES ('61', '41', '100003');
INSERT INTO `attend` VALUES ('62', '40', '100001');
INSERT INTO `attend` VALUES ('63', '34', '100001');
INSERT INTO `attend` VALUES ('64', '36', '100001');
INSERT INTO `attend` VALUES ('65', '33', '100001');
INSERT INTO `attend` VALUES ('66', '35', '100004');
INSERT INTO `attend` VALUES ('67', '38', '100002');
INSERT INTO `attend` VALUES ('68', '33', '100004');
INSERT INTO `attend` VALUES ('69', '34', '100004');
INSERT INTO `attend` VALUES ('72', '28', '100004');
INSERT INTO `attend` VALUES ('80', '42', '100001');
INSERT INTO `attend` VALUES ('83', '13', '100002');

-- ----------------------------
-- Table structure for `footprint`
-- ----------------------------
DROP TABLE IF EXISTS `footprint`;
CREATE TABLE `footprint` (
  `footprint_id` int(11) NOT NULL AUTO_INCREMENT,
  `activities_id` int(11) DEFAULT NULL,
  `user_id` int(11) DEFAULT NULL,
  `footprint_mood` varchar(300) COLLATE utf8_unicode_ci DEFAULT NULL,
  `footprint_time` datetime DEFAULT NULL,
  PRIMARY KEY (`footprint_id`),
  KEY `FK_Relationship_2` (`user_id`),
  KEY `FK_Relationship_3` (`activities_id`),
  CONSTRAINT `FK_Relationship_2` FOREIGN KEY (`user_id`) REFERENCES `user` (`user_id`),
  CONSTRAINT `FK_Relationship_3` FOREIGN KEY (`activities_id`) REFERENCES `activities` (`activities_id`)
) ENGINE=InnoDB AUTO_INCREMENT=52 DEFAULT CHARSET=utf8 COLLATE=utf8_unicode_ci;

-- ----------------------------
-- Records of footprint
-- ----------------------------
INSERT INTO `footprint` VALUES ('1', '39', '100001', '旅游啦啦啦啦啦', '2014-12-06 12:35:42');
INSERT INTO `footprint` VALUES ('2', '42', '100002', '累并快乐着！！！', '2014-12-06 12:35:59');
INSERT INTO `footprint` VALUES ('3', '39', '100002', '哈哈哈，有一条', '2014-12-06 12:36:19');
INSERT INTO `footprint` VALUES ('4', '39', '100003', '没心情玩了……', '2014-12-06 12:36:45');
INSERT INTO `footprint` VALUES ('5', '39', '100004', '哎，悲剧了', '2014-12-06 12:37:16');
INSERT INTO `footprint` VALUES ('6', '39', '100001', '呵呵呵呵', '2014-12-06 12:37:51');
INSERT INTO `footprint` VALUES ('7', '39', '100006', '热了头睇睇睇左哦老婆是', '2014-12-06 12:38:31');
INSERT INTO `footprint` VALUES ('8', '39', '100007', '你去没什么可热啊', '2014-12-06 12:39:01');
INSERT INTO `footprint` VALUES ('9', '42', '100004', '你老婆老婆咯去', '2014-12-06 12:39:55');
INSERT INTO `footprint` VALUES ('10', '42', '100003', '爬出来又送饭几个同学', '2014-12-06 12:40:17');
INSERT INTO `footprint` VALUES ('11', '42', '100005', '扣扣把他还有五', '2014-12-06 12:40:35');
INSERT INTO `footprint` VALUES ('12', '42', '100001', '怕痛爬楼街头自己', '2014-12-06 12:41:24');
INSERT INTO `footprint` VALUES ('13', '42', '100006', '阿杜破开拓嗯', '2014-12-06 12:41:43');
INSERT INTO `footprint` VALUES ('14', '42', '100007', '高三我可看多她的太', '2014-12-06 12:42:29');
INSERT INTO `footprint` VALUES ('15', '13', '100001', '斌去呢离开时后又吐', '2014-12-06 12:43:11');
INSERT INTO `footprint` VALUES ('16', '13', '100003', '咯提可以听我', '2014-12-06 12:43:35');
INSERT INTO `footprint` VALUES ('17', '13', '100002', '咯提可以听我', '2014-12-06 12:43:38');
INSERT INTO `footprint` VALUES ('18', '13', '100004', '很酷跑自己都觉', '2014-12-06 12:44:02');
INSERT INTO `footprint` VALUES ('19', '13', '100001', '测距天我就通知', '2014-12-06 12:44:32');
INSERT INTO `footprint` VALUES ('20', '13', '100001', '继续很快啦', '2014-12-06 12:44:49');
INSERT INTO `footprint` VALUES ('21', '9', '100001', '后哦怕偷走了', '2014-12-06 12:45:15');
INSERT INTO `footprint` VALUES ('22', '9', '100002', '家里选择的路要', '2014-12-06 12:45:41');
INSERT INTO `footprint` VALUES ('23', '9', '100003', '家里选择的路要', '2014-12-06 12:45:44');
INSERT INTO `footprint` VALUES ('24', '40', '100001', '喝口口听她我错了', '2014-12-06 12:46:19');
INSERT INTO `footprint` VALUES ('25', '42', '100001', '哦肉年纪大', '2014-12-06 12:47:03');
INSERT INTO `footprint` VALUES ('26', '40', '100002', '大神们都很牛叉啊…', '2014-12-06 12:47:20');
INSERT INTO `footprint` VALUES ('27', '34', '100001', '突破口怕狗头', '2014-12-06 12:47:35');
INSERT INTO `footprint` VALUES ('28', '34', '100002', '了咯测来看他', '2014-12-06 12:47:59');
INSERT INTO `footprint` VALUES ('29', '34', '100003', '了咯测来看他', '2014-12-06 12:48:02');
INSERT INTO `footprint` VALUES ('30', '36', '100004', '后去啊对', '2014-12-06 12:49:10');
INSERT INTO `footprint` VALUES ('31', '40', '100002', '画面太美，不忍直视啊…', '2014-12-06 12:49:21');
INSERT INTO `footprint` VALUES ('32', '40', '100003', '画面太美，不忍直视啊…', '2014-12-06 12:49:22');
INSERT INTO `footprint` VALUES ('33', '33', '100001', '参与了', '2014-12-06 12:49:45');
INSERT INTO `footprint` VALUES ('34', '43', '100001', '哈了头咯', '2014-12-06 12:50:10');
INSERT INTO `footprint` VALUES ('35', '35', '100004', '啦啦', '2014-12-06 12:50:17');
INSERT INTO `footprint` VALUES ('36', '43', '100001', '积木老让通通空了', '2014-12-06 12:51:24');
INSERT INTO `footprint` VALUES ('37', '38', '100002', '这次聚餐很不错，既认识了一些人，也吃饭了好吃的…', '2014-12-06 12:51:25');
INSERT INTO `footprint` VALUES ('38', '33', '100003', '风花雪月，就是我想和你谈个恋爱', '2014-12-06 12:51:53');
INSERT INTO `footprint` VALUES ('39', '13', '100001', '记录哈里', '2014-12-06 12:51:54');
INSERT INTO `footprint` VALUES ('40', '33', '100004', '风花雪月，就是我想和你谈个恋爱', '2014-12-06 12:51:56');
INSERT INTO `footprint` VALUES ('41', '36', '100001', '哈喽小说里克罗哈', '2014-12-06 12:52:19');
INSERT INTO `footprint` VALUES ('42', '36', '100001', '哈喽小说里克罗哈', '2014-12-06 12:52:23');
INSERT INTO `footprint` VALUES ('43', '38', '100002', '好好吃哦！', '2014-12-06 12:52:30');
INSERT INTO `footprint` VALUES ('44', '33', '100004', '哈哈', '2014-12-06 12:52:36');
INSERT INTO `footprint` VALUES ('45', '33', '100002', '哈哈', '2014-12-06 12:52:36');
INSERT INTO `footprint` VALUES ('46', '33', '100003', '我曾跨过山和大海', '2014-12-06 12:53:52');
INSERT INTO `footprint` VALUES ('47', '38', '100002', '逗逼逗比…', '2014-12-06 12:53:52');
INSERT INTO `footprint` VALUES ('48', '34', '100004', '我的剑就是你的剑', '2014-12-06 12:55:07');
INSERT INTO `footprint` VALUES ('49', '34', '100003', '我的剑就是你的剑', '2014-12-06 12:55:11');
INSERT INTO `footprint` VALUES ('50', '13', '100002', '哈哈哈哈', '2014-12-06 12:55:11');
INSERT INTO `footprint` VALUES ('51', '42', '100001', '您好，已经收到来信，谢谢。', '2014-12-06 13:08:01');

-- ----------------------------
-- Table structure for `photo`
-- ----------------------------
DROP TABLE IF EXISTS `photo`;
CREATE TABLE `photo` (
  `photo_id` int(11) NOT NULL AUTO_INCREMENT,
  `footprint_id` int(11) DEFAULT NULL,
  `photo_stream` varchar(256) COLLATE utf8_unicode_ci DEFAULT NULL,
  PRIMARY KEY (`photo_id`),
  KEY `FK_Relationship_9` (`footprint_id`),
  CONSTRAINT `FK_Relationship_9` FOREIGN KEY (`footprint_id`) REFERENCES `footprint` (`footprint_id`)
) ENGINE=InnoDB AUTO_INCREMENT=250 DEFAULT CHARSET=utf8 COLLATE=utf8_unicode_ci;

-- ----------------------------
-- Records of photo
-- ----------------------------
INSERT INTO `photo` VALUES ('1', '1', '/images/photo/2014-12-06/a0fc694c-901a-4419-841c-15287c75a867.jpg');
INSERT INTO `photo` VALUES ('2', '1', '/images/photo/2014-12-06/00a025aa-b582-4702-9001-a23595763501.jpg');
INSERT INTO `photo` VALUES ('3', '2', '/images/photo/2014-12-06/cc69fe81-f8ce-476e-98b1-71945efabf27.jpg');
INSERT INTO `photo` VALUES ('4', '2', '/images/photo/2014-12-06/526c6391-a58e-4b27-9654-9801555b97a8.jpg');
INSERT INTO `photo` VALUES ('5', '2', '/images/photo/2014-12-06/aa6eb9c3-4576-4746-b804-fb7870c4563b.jpg');
INSERT INTO `photo` VALUES ('6', '2', '/images/photo/2014-12-06/cfe1d6e6-5a79-4983-aa2c-08fbbcc88981.jpg');
INSERT INTO `photo` VALUES ('7', '3', '/images/photo/2014-12-06/bfa79d5f-1e4e-479a-af7d-a4e2b69fec14.jpg');
INSERT INTO `photo` VALUES ('8', '4', '/images/photo/2014-12-06/7ae44510-5c29-4609-9ca8-d0eb965c567f.jpg');
INSERT INTO `photo` VALUES ('9', '4', '/images/photo/2014-12-06/4f34689a-776a-4744-8eb8-c617e8caeac2.jpg');
INSERT INTO `photo` VALUES ('10', '4', '/images/photo/2014-12-06/fcea93b6-b54b-4f9c-9f4a-1baae6a13601.jpg');
INSERT INTO `photo` VALUES ('11', '4', '/images/photo/2014-12-06/62a754ee-4107-4698-bb8d-12146d11d607.jpg');
INSERT INTO `photo` VALUES ('12', '4', '/images/photo/2014-12-06/d57545bd-7201-4140-b89f-adb5f47f5673.jpg');
INSERT INTO `photo` VALUES ('13', '5', '/images/photo/2014-12-06/d06daecb-3aec-493d-b1ef-92632aed8f7d.jpg');
INSERT INTO `photo` VALUES ('14', '5', '/images/photo/2014-12-06/4f4706b2-ca58-4c10-87c1-ec1687ab2470.jpg');
INSERT INTO `photo` VALUES ('15', '5', '/images/photo/2014-12-06/0b5c4d9f-e5a5-404e-b2dc-13ae92f72dbd.jpg');
INSERT INTO `photo` VALUES ('16', '5', '/images/photo/2014-12-06/9775af79-9aeb-4d52-ba7f-4c33553b07a9.jpg');
INSERT INTO `photo` VALUES ('17', '5', '/images/photo/2014-12-06/50fc5848-570a-4e58-b4b8-5b7fb7024e80.jpg');
INSERT INTO `photo` VALUES ('18', '5', '/images/photo/2014-12-06/0f72d95e-280b-48aa-8a03-439fdb52b541.jpg');
INSERT INTO `photo` VALUES ('19', '5', '/images/photo/2014-12-06/6bd646b4-109a-430a-b258-bf9e8fa641f4.jpg');
INSERT INTO `photo` VALUES ('20', '6', '/images/photo/2014-12-06/fd8fac90-938c-46de-a12e-012ffc20e53e.jpg');
INSERT INTO `photo` VALUES ('21', '6', '/images/photo/2014-12-06/79dbafc0-414e-4830-b002-a0e9435474b4.jpg');
INSERT INTO `photo` VALUES ('22', '6', '/images/photo/2014-12-06/f054edcb-7a44-4bc5-8b6b-7cdce2723957.jpg');
INSERT INTO `photo` VALUES ('23', '6', '/images/photo/2014-12-06/0fec8e68-252c-465b-ae50-3a0fe14827be.jpg');
INSERT INTO `photo` VALUES ('24', '6', '/images/photo/2014-12-06/852eb902-706d-42a2-89c9-acad88f53882.jpg');
INSERT INTO `photo` VALUES ('25', '6', '/images/photo/2014-12-06/bdd2c6b0-8b17-4781-8688-48e594a03517.jpg');
INSERT INTO `photo` VALUES ('26', '6', '/images/photo/2014-12-06/719db8a2-5f8e-4e89-893c-ad7477ea3630.jpg');
INSERT INTO `photo` VALUES ('27', '7', '/images/photo/2014-12-06/1ba3f6f4-55ef-4516-a2dc-bb06b0eb7872.jpg');
INSERT INTO `photo` VALUES ('28', '7', '/images/photo/2014-12-06/e89c5343-9652-4bc4-8934-a13ef2eb27a6.jpg');
INSERT INTO `photo` VALUES ('29', '7', '/images/photo/2014-12-06/b6bc1c90-75ae-4d75-9b65-163a83d852af.jpg');
INSERT INTO `photo` VALUES ('30', '7', '/images/photo/2014-12-06/ac479990-9aa6-4f94-83ae-3ef709f197ae.jpg');
INSERT INTO `photo` VALUES ('31', '7', '/images/photo/2014-12-06/6d6d361a-b04f-424a-9c38-1d6788205ce0.jpg');
INSERT INTO `photo` VALUES ('32', '8', '/images/photo/2014-12-06/6f33b862-803e-47c1-9f0c-1fc5a6c8bf08.jpg');
INSERT INTO `photo` VALUES ('33', '8', '/images/photo/2014-12-06/f4af7b9f-12e5-46c9-a76f-0441f1f6b47c.jpg');
INSERT INTO `photo` VALUES ('34', '8', '/images/photo/2014-12-06/5fd807b7-0fd2-4828-9e1b-39cdb4bde0cc.jpg');
INSERT INTO `photo` VALUES ('35', '9', '/images/photo/2014-12-06/8c79c04f-f694-4ee1-8e19-745ce1fa716e.jpg');
INSERT INTO `photo` VALUES ('36', '9', '/images/photo/2014-12-06/57af628e-f79f-4b28-8004-386851df647c.jpg');
INSERT INTO `photo` VALUES ('37', '9', '/images/photo/2014-12-06/0337ed66-714a-43f0-a405-71aa16209e1f.jpg');
INSERT INTO `photo` VALUES ('38', '9', '/images/photo/2014-12-06/0a52ebb4-fc78-49c1-bd90-e6327eaca6f5.jpg');
INSERT INTO `photo` VALUES ('39', '10', '/images/photo/2014-12-06/4316b26a-3da7-46e0-8c03-d8e27ef5e49c.jpg');
INSERT INTO `photo` VALUES ('40', '10', '/images/photo/2014-12-06/c6ec7371-9c07-4c3c-93d3-19b6de28c8f1.jpg');
INSERT INTO `photo` VALUES ('41', '10', '/images/photo/2014-12-06/b714b642-97d6-42f5-9ea0-cfc21d3dc07f.jpg');
INSERT INTO `photo` VALUES ('42', '10', '/images/photo/2014-12-06/5bb455ce-c7e2-4f86-9337-0dec2294d3d6.jpg');
INSERT INTO `photo` VALUES ('43', '10', '/images/photo/2014-12-06/8b6e0211-1739-4c6b-8e23-ccc1a4eaf503.jpg');
INSERT INTO `photo` VALUES ('44', '10', '/images/photo/2014-12-06/cd51e9c4-75f4-4721-83b9-903a20429df7.jpg');
INSERT INTO `photo` VALUES ('45', '11', '/images/photo/2014-12-06/f3c77368-7f87-4238-80c3-c828af5536d8.jpg');
INSERT INTO `photo` VALUES ('46', '11', '/images/photo/2014-12-06/9e80f359-9854-4464-8da0-5041d79057e0.jpg');
INSERT INTO `photo` VALUES ('47', '12', '/images/photo/2014-12-06/78cd851e-46aa-4ce2-bbf9-3985853d7273.jpg');
INSERT INTO `photo` VALUES ('48', '12', '/images/photo/2014-12-06/5d07e1d0-76f1-4ac7-852b-8b9d8e4866c8.jpg');
INSERT INTO `photo` VALUES ('49', '12', '/images/photo/2014-12-06/84a2da4c-f853-467d-af5c-9f2e9ee053e9.jpg');
INSERT INTO `photo` VALUES ('50', '13', '/images/photo/2014-12-06/2d974c51-20b9-4524-877c-dac8cfe18a24.jpg');
INSERT INTO `photo` VALUES ('51', '13', '/images/photo/2014-12-06/b0367865-b44d-4bb4-b7c2-269f65acf665.jpg');
INSERT INTO `photo` VALUES ('52', '13', '/images/photo/2014-12-06/563ded60-57de-40a5-8351-3f360d8bf5e4.jpg');
INSERT INTO `photo` VALUES ('53', '14', '/images/photo/2014-12-06/5854e546-b310-4f66-9469-b06d0ac2861b.jpg');
INSERT INTO `photo` VALUES ('54', '14', '/images/photo/2014-12-06/015b522d-dd87-4bd8-b6be-cd7fc658315c.jpg');
INSERT INTO `photo` VALUES ('55', '14', '/images/photo/2014-12-06/13b280c9-2bd0-4754-af30-5d27e7f69b5f.jpg');
INSERT INTO `photo` VALUES ('56', '14', '/images/photo/2014-12-06/e86d61dc-b47a-4c2f-9864-ff15a3fc34da.jpg');
INSERT INTO `photo` VALUES ('57', '14', '/images/photo/2014-12-06/6f4e09d4-87a8-4ecf-8d53-d0e67d71400f.jpg');
INSERT INTO `photo` VALUES ('58', '14', '/images/photo/2014-12-06/33ef9f4e-6842-435f-88d8-1c0748b7c42e.jpg');
INSERT INTO `photo` VALUES ('59', '14', '/images/photo/2014-12-06/0342e6f7-376d-428d-8299-3ef8eca60e1d.jpg');
INSERT INTO `photo` VALUES ('60', '14', '/images/photo/2014-12-06/5cddce15-d9fb-42eb-a05d-be5661b038ec.jpg');
INSERT INTO `photo` VALUES ('61', '15', '/images/photo/2014-12-06/31fe8c8b-0938-4383-8184-96cb8a7359c2.jpg');
INSERT INTO `photo` VALUES ('62', '15', '/images/photo/2014-12-06/6523fced-bd29-4bc3-8e4f-ad5d0c92d37b.jpg');
INSERT INTO `photo` VALUES ('63', '15', '/images/photo/2014-12-06/4912d456-1224-4075-bda2-ffa1fb867235.jpg');
INSERT INTO `photo` VALUES ('64', '15', '/images/photo/2014-12-06/ea1a4b6c-f3f6-4ec6-827a-f32ee73413e4.jpg');
INSERT INTO `photo` VALUES ('65', '15', '/images/photo/2014-12-06/c298e3d5-2aab-4615-964d-29c0fa818d53.jpg');
INSERT INTO `photo` VALUES ('66', '15', '/images/photo/2014-12-06/6c37ca84-c47c-4166-b2a3-dff2bcd3b4b1.jpg');
INSERT INTO `photo` VALUES ('67', '15', '/images/photo/2014-12-06/4b6dfc8c-1feb-48f6-a42b-725edcdb45f4.jpg');
INSERT INTO `photo` VALUES ('68', '15', '/images/photo/2014-12-06/a929a138-167e-4936-8ba4-6eba4f61a6a2.jpg');
INSERT INTO `photo` VALUES ('69', '15', '/images/photo/2014-12-06/5513fa24-7a8d-4c4b-9c84-6f29f7fd15cd.jpg');
INSERT INTO `photo` VALUES ('70', '16', '/images/photo/2014-12-06/494199d4-82f8-4f5b-9bf4-e6a3e149dd0f.jpg');
INSERT INTO `photo` VALUES ('71', '16', '/images/photo/2014-12-06/211966ec-bafd-4634-a7f7-9b8425d82b4e.jpg');
INSERT INTO `photo` VALUES ('72', '16', '/images/photo/2014-12-06/bc14bc69-6e8e-47a0-9a2c-c676168c5eb6.jpg');
INSERT INTO `photo` VALUES ('73', '16', '/images/photo/2014-12-06/f8414cd2-ded8-4a19-af5c-24e563f91780.jpg');
INSERT INTO `photo` VALUES ('74', '16', '/images/photo/2014-12-06/3e7c2ca5-00ff-4dd1-96cf-699500da7523.jpg');
INSERT INTO `photo` VALUES ('75', '17', '/images/photo/2014-12-06/ca674b9a-01e9-4970-8350-1bb0eb18b563.jpg');
INSERT INTO `photo` VALUES ('76', '17', '/images/photo/2014-12-06/fc61d89b-203e-4341-92bc-a4005a7ee3b1.jpg');
INSERT INTO `photo` VALUES ('77', '17', '/images/photo/2014-12-06/e10b9ee9-4fd2-4c36-8d90-faa3b7d10d33.jpg');
INSERT INTO `photo` VALUES ('78', '17', '/images/photo/2014-12-06/b8fc8549-92b5-45be-bcef-ee1ea789bde9.jpg');
INSERT INTO `photo` VALUES ('79', '17', '/images/photo/2014-12-06/13d7033f-8f7e-4662-9620-3da2852d6e35.jpg');
INSERT INTO `photo` VALUES ('80', '18', '/images/photo/2014-12-06/33a72cd1-8111-4ecf-a2c4-3b6f0d2a024b.jpg');
INSERT INTO `photo` VALUES ('81', '18', '/images/photo/2014-12-06/78e24ed2-07ff-4ea9-9cfb-7b21ffb069a7.jpg');
INSERT INTO `photo` VALUES ('82', '18', '/images/photo/2014-12-06/33a89d13-4eb8-4b8e-9d7c-d1952c5de1ad.jpg');
INSERT INTO `photo` VALUES ('83', '18', '/images/photo/2014-12-06/683f6831-f8e0-4ded-9f80-905602d74380.jpg');
INSERT INTO `photo` VALUES ('84', '18', '/images/photo/2014-12-06/720d7955-4cf1-40c8-ba99-fd4a5030caf2.jpg');
INSERT INTO `photo` VALUES ('85', '18', '/images/photo/2014-12-06/19fe771a-b2df-4bfb-8e86-8cf5079fd5c4.jpg');
INSERT INTO `photo` VALUES ('86', '18', '/images/photo/2014-12-06/1111fec2-6597-4bb0-a100-ec71244bb513.jpg');
INSERT INTO `photo` VALUES ('87', '18', '/images/photo/2014-12-06/fec6442a-b9d6-40d1-bcf1-576d7c71e646.jpg');
INSERT INTO `photo` VALUES ('88', '18', '/images/photo/2014-12-06/67c5d5d4-5243-4499-9d01-6c8eb535cf26.jpg');
INSERT INTO `photo` VALUES ('89', '19', '/images/photo/2014-12-06/76db87c0-1c0c-4546-aebc-fd881dd1ea8b.jpg');
INSERT INTO `photo` VALUES ('90', '19', '/images/photo/2014-12-06/50d0b9fa-7ee7-49b6-9fcd-7b68aa3f2a21.jpg');
INSERT INTO `photo` VALUES ('91', '19', '/images/photo/2014-12-06/09c76cd0-b82c-4b81-855a-50fd3ef6f8cb.jpg');
INSERT INTO `photo` VALUES ('92', '19', '/images/photo/2014-12-06/77079cd3-0f1d-4814-8249-a7d13163fb01.jpg');
INSERT INTO `photo` VALUES ('93', '19', '/images/photo/2014-12-06/36941c91-c351-4e94-a4f8-27db11d170e9.jpg');
INSERT INTO `photo` VALUES ('94', '19', '/images/photo/2014-12-06/e93bfa72-848c-4478-94a7-c5dbe13ba225.jpg');
INSERT INTO `photo` VALUES ('95', '20', '/images/photo/2014-12-06/3341dc78-454f-4b14-aa58-4f90c040369d.jpg');
INSERT INTO `photo` VALUES ('96', '20', '/images/photo/2014-12-06/09f45655-caf0-4dfe-aae0-240c57eb9df2.jpg');
INSERT INTO `photo` VALUES ('97', '20', '/images/photo/2014-12-06/c4a0157e-5b48-4e6c-b012-ff83972dba57.jpg');
INSERT INTO `photo` VALUES ('98', '20', '/images/photo/2014-12-06/bd31abfc-2291-4f0a-b408-3dd9a63f65e8.jpg');
INSERT INTO `photo` VALUES ('99', '20', '/images/photo/2014-12-06/312a3aea-6b41-4431-bb24-f958d8cb85ca.jpg');
INSERT INTO `photo` VALUES ('100', '21', '/images/photo/2014-12-06/8699c05b-4bec-489c-a4c6-22e64a245c2d.jpg');
INSERT INTO `photo` VALUES ('101', '21', '/images/photo/2014-12-06/0af94cb3-7558-4e4f-b416-c7fb3c9f6129.jpg');
INSERT INTO `photo` VALUES ('102', '21', '/images/photo/2014-12-06/f0756b95-6b80-4418-b365-b558d9b6f63a.jpg');
INSERT INTO `photo` VALUES ('103', '21', '/images/photo/2014-12-06/5a8af480-6cc3-483f-8c63-389808911c7f.jpg');
INSERT INTO `photo` VALUES ('104', '21', '/images/photo/2014-12-06/27a82e43-f7c3-4719-97d1-1c3661ac1c8b.jpg');
INSERT INTO `photo` VALUES ('105', '21', '/images/photo/2014-12-06/a4762986-bbd7-4d0f-a00c-eb761a40aa6f.jpg');
INSERT INTO `photo` VALUES ('106', '21', '/images/photo/2014-12-06/d99f3e6f-8f75-456e-97d4-e16bf1563476.jpg');
INSERT INTO `photo` VALUES ('107', '22', '/images/photo/2014-12-06/ea07f4e9-96c8-4977-88ed-0650bc94176a.jpg');
INSERT INTO `photo` VALUES ('108', '22', '/images/photo/2014-12-06/712f244b-e1f3-4cf5-8df0-a1ad1c66338d.jpg');
INSERT INTO `photo` VALUES ('109', '22', '/images/photo/2014-12-06/85937e68-bec9-4454-b878-99e560bb51ec.jpg');
INSERT INTO `photo` VALUES ('110', '22', '/images/photo/2014-12-06/5e0a5896-bd7b-40bb-982a-0db8b9bb26a4.jpg');
INSERT INTO `photo` VALUES ('111', '22', '/images/photo/2014-12-06/8fbcc248-49fc-4d21-8a58-f3e5c10b1f78.jpg');
INSERT INTO `photo` VALUES ('112', '23', '/images/photo/2014-12-06/7860ba4b-44ce-4b2a-8434-a107aeb7403c.jpg');
INSERT INTO `photo` VALUES ('113', '23', '/images/photo/2014-12-06/2ae076ef-698b-4141-a5dd-c957f578a713.jpg');
INSERT INTO `photo` VALUES ('114', '23', '/images/photo/2014-12-06/d8a141c2-e346-4d51-b482-a17abe672976.jpg');
INSERT INTO `photo` VALUES ('115', '23', '/images/photo/2014-12-06/3a89d6a6-12f7-428a-8c6e-966e6a5379a6.jpg');
INSERT INTO `photo` VALUES ('116', '23', '/images/photo/2014-12-06/f966cf61-13f9-4e04-9b03-8e2d7718430c.jpg');
INSERT INTO `photo` VALUES ('117', '24', '/images/photo/2014-12-06/3d92a358-d1ad-45fb-bf6a-9f2cae787d4d.jpg');
INSERT INTO `photo` VALUES ('118', '24', '/images/photo/2014-12-06/59e6f6b8-dd36-4c7b-8455-d15ae0c067e9.jpg');
INSERT INTO `photo` VALUES ('119', '24', '/images/photo/2014-12-06/66a51d3c-bdca-46a1-8154-b10de626873b.jpg');
INSERT INTO `photo` VALUES ('120', '25', '/images/photo/2014-12-06/e657000d-3800-42f2-911d-6865d0e90bc9.jpg');
INSERT INTO `photo` VALUES ('121', '25', '/images/photo/2014-12-06/7a9731d2-340f-4ae0-b269-69538222500d.jpg');
INSERT INTO `photo` VALUES ('122', '25', '/images/photo/2014-12-06/02b72bdf-d94c-4c51-8ed8-777b4678b064.jpg');
INSERT INTO `photo` VALUES ('123', '25', '/images/photo/2014-12-06/ef0443ba-cb58-4182-b5be-4261c6f076de.jpg');
INSERT INTO `photo` VALUES ('124', '26', '/images/photo/2014-12-06/7aa27945-acb8-4898-89eb-dfec0a596e76.jpg');
INSERT INTO `photo` VALUES ('125', '26', '/images/photo/2014-12-06/aab8192a-f124-4a68-ae91-5a6203c2502b.jpg');
INSERT INTO `photo` VALUES ('126', '26', '/images/photo/2014-12-06/0064668f-14ee-4384-8195-f9baec4018d0.jpg');
INSERT INTO `photo` VALUES ('127', '26', '/images/photo/2014-12-06/24da4d8e-e978-4da6-85e0-1712ae1143bc.jpg');
INSERT INTO `photo` VALUES ('128', '27', '/images/photo/2014-12-06/5982e5d1-f3ad-47ad-a600-36bdf76f5546.jpg');
INSERT INTO `photo` VALUES ('129', '27', '/images/photo/2014-12-06/53399626-b0f5-4c24-9eea-1ebe9737db2d.jpg');
INSERT INTO `photo` VALUES ('130', '27', '/images/photo/2014-12-06/b75927c8-f579-4508-8d26-2d4696df5ab9.jpg');
INSERT INTO `photo` VALUES ('131', '27', '/images/photo/2014-12-06/845ddb02-96ac-4757-bb39-36b33270896c.jpg');
INSERT INTO `photo` VALUES ('132', '27', '/images/photo/2014-12-06/4cc2cab2-1dd8-4c08-b8bb-af60bd6478a1.jpg');
INSERT INTO `photo` VALUES ('133', '27', '/images/photo/2014-12-06/cb368bfa-7ecc-4e13-aa96-7aac8372ad08.jpg');
INSERT INTO `photo` VALUES ('134', '27', '/images/photo/2014-12-06/f37b2dbf-6602-4c23-b3b2-46f975866fba.jpg');
INSERT INTO `photo` VALUES ('135', '27', '/images/photo/2014-12-06/1123d1ff-d5ce-427e-9d55-0a41ecd89f25.jpg');
INSERT INTO `photo` VALUES ('136', '28', '/images/photo/2014-12-06/acd715dd-c0ee-425a-bf78-6b73fa8f40d0.jpg');
INSERT INTO `photo` VALUES ('137', '28', '/images/photo/2014-12-06/5a2f5a9b-5bba-4b56-972b-c2ad0ca152ca.jpg');
INSERT INTO `photo` VALUES ('138', '28', '/images/photo/2014-12-06/92a94f53-1aa1-4811-9e4e-ea84af959ee9.jpg');
INSERT INTO `photo` VALUES ('139', '28', '/images/photo/2014-12-06/b1729d1e-044e-4e5d-bdd6-b3ba56c9cca6.jpg');
INSERT INTO `photo` VALUES ('140', '28', '/images/photo/2014-12-06/f1460b3a-b2e8-4d2f-9fb4-6e22d2a2f069.jpg');
INSERT INTO `photo` VALUES ('141', '29', '/images/photo/2014-12-06/4ae451c9-79f3-4222-80e2-f22b02166dea.jpg');
INSERT INTO `photo` VALUES ('142', '29', '/images/photo/2014-12-06/47d15347-3eb1-4c05-86c1-77494dfef41a.jpg');
INSERT INTO `photo` VALUES ('143', '29', '/images/photo/2014-12-06/6971a025-f493-4357-8854-06a43164a11c.jpg');
INSERT INTO `photo` VALUES ('144', '29', '/images/photo/2014-12-06/694557b7-7ab8-4134-943d-e3a7819dceab.jpg');
INSERT INTO `photo` VALUES ('145', '29', '/images/photo/2014-12-06/a121fc55-4a71-476f-914d-60641bcafc11.jpg');
INSERT INTO `photo` VALUES ('146', '30', '/images/photo/2014-12-06/808771c9-182f-4aa7-886b-6a350ba37d36.jpg');
INSERT INTO `photo` VALUES ('147', '30', '/images/photo/2014-12-06/ac458a3c-e2a5-45c6-9c3a-48e61c0f0865.jpg');
INSERT INTO `photo` VALUES ('148', '30', '/images/photo/2014-12-06/c1083577-cffe-4b85-9d2f-66734edd55d0.jpg');
INSERT INTO `photo` VALUES ('149', '30', '/images/photo/2014-12-06/a6b8506a-717c-4352-b3a4-b7731270af65.jpg');
INSERT INTO `photo` VALUES ('150', '30', '/images/photo/2014-12-06/ba1106f9-6795-4361-af39-857515f7321c.jpg');
INSERT INTO `photo` VALUES ('151', '31', '/images/photo/2014-12-06/44764040-2e28-4dbe-94a7-e2cbf42245d0.jpg');
INSERT INTO `photo` VALUES ('152', '31', '/images/photo/2014-12-06/1acb897e-df7d-4935-90e1-39dd68840138.jpg');
INSERT INTO `photo` VALUES ('153', '32', '/images/photo/2014-12-06/0b1281f5-ed42-4abd-a0f6-e424f4b35467.jpg');
INSERT INTO `photo` VALUES ('154', '32', '/images/photo/2014-12-06/0972662d-2091-4f48-abaf-3923b890b749.jpg');
INSERT INTO `photo` VALUES ('155', '33', '/images/photo/2014-12-06/db31005a-70ba-4ba7-85bd-c9d4dc25f655.jpg');
INSERT INTO `photo` VALUES ('156', '33', '/images/photo/2014-12-06/88b60594-5ab9-46f1-8b4b-c2bfac58bf8a.jpg');
INSERT INTO `photo` VALUES ('157', '33', '/images/photo/2014-12-06/55328d33-f877-40a6-a978-8955d7b1f3f2.jpg');
INSERT INTO `photo` VALUES ('158', '33', '/images/photo/2014-12-06/58c46221-7c29-4f91-8e3a-5cf14b63387b.jpg');
INSERT INTO `photo` VALUES ('159', '33', '/images/photo/2014-12-06/fd156ac8-e66b-45d7-a9d8-94acbf47d5b3.jpg');
INSERT INTO `photo` VALUES ('160', '33', '/images/photo/2014-12-06/a7d78f6b-469f-4461-828a-aea87bd85a01.jpg');
INSERT INTO `photo` VALUES ('161', '33', '/images/photo/2014-12-06/3c5c9010-5bff-4573-b685-1f509793a5dd.jpg');
INSERT INTO `photo` VALUES ('162', '33', '/images/photo/2014-12-06/bf79fa77-4c86-4424-8f75-8f26b89c6954.jpg');
INSERT INTO `photo` VALUES ('163', '34', '/images/photo/2014-12-06/55e33cb0-ae4f-47aa-b60c-df7c6c65ffb5.jpg');
INSERT INTO `photo` VALUES ('164', '34', '/images/photo/2014-12-06/e0ced1c1-a7c8-400d-8048-fbd9e11ecd13.jpg');
INSERT INTO `photo` VALUES ('165', '34', '/images/photo/2014-12-06/8aa13f01-23de-4d90-87ba-4a0c1273d02e.jpg');
INSERT INTO `photo` VALUES ('166', '34', '/images/photo/2014-12-06/3cd1431d-e425-4b26-9848-bb2c975a0bb7.jpg');
INSERT INTO `photo` VALUES ('167', '34', '/images/photo/2014-12-06/f5da08e8-38e4-4dfe-85ec-94d26594c7e8.jpg');
INSERT INTO `photo` VALUES ('168', '34', '/images/photo/2014-12-06/03118431-171b-4bcf-a0f2-bd5a2701748b.jpg');
INSERT INTO `photo` VALUES ('169', '34', '/images/photo/2014-12-06/cfcbb9cb-4673-410b-84a8-14e0369813a9.jpg');
INSERT INTO `photo` VALUES ('170', '35', '/images/photo/2014-12-06/ec3216cb-baa1-4bfa-85cd-3c653f358821.jpg');
INSERT INTO `photo` VALUES ('171', '35', '/images/photo/2014-12-06/ef7b7c94-a02b-43bc-b00d-cdc2618f8f48.jpg');
INSERT INTO `photo` VALUES ('172', '35', '/images/photo/2014-12-06/fb4a7530-fe56-4269-a395-0d67e399559d.jpg');
INSERT INTO `photo` VALUES ('173', '35', '/images/photo/2014-12-06/e82bae4b-02df-4baf-8417-10b0d771f510.jpg');
INSERT INTO `photo` VALUES ('174', '35', '/images/photo/2014-12-06/3cfbee2c-b828-4613-b9a0-9e196f23e50d.jpg');
INSERT INTO `photo` VALUES ('175', '35', '/images/photo/2014-12-06/cf419c99-2587-4356-bd60-55a98230398f.jpg');
INSERT INTO `photo` VALUES ('176', '36', '/images/photo/2014-12-06/1475e2f0-da71-4aea-a57f-5abc95870156.jpg');
INSERT INTO `photo` VALUES ('177', '36', '/images/photo/2014-12-06/6beb74b9-981a-4029-aa2d-1fe01f0f06f7.jpg');
INSERT INTO `photo` VALUES ('178', '36', '/images/photo/2014-12-06/95d3859d-8d76-4d87-b4a5-b28ce9a2a92a.jpg');
INSERT INTO `photo` VALUES ('179', '37', '/images/photo/2014-12-06/603b8834-fb04-4d0d-a21c-893157ad70e9.jpg');
INSERT INTO `photo` VALUES ('180', '37', '/images/photo/2014-12-06/807a6240-0529-46a3-b7d3-431393d91b36.jpg');
INSERT INTO `photo` VALUES ('181', '38', '/images/photo/2014-12-06/f87e0f47-6086-4a6d-b31f-5b4c11ffda6b.jpg');
INSERT INTO `photo` VALUES ('182', '38', '/images/photo/2014-12-06/ed79aba1-6c55-4859-bf5c-137bfd5394a5.jpg');
INSERT INTO `photo` VALUES ('183', '38', '/images/photo/2014-12-06/8e17ab26-d6de-4f78-acb1-2084651a1333.jpg');
INSERT INTO `photo` VALUES ('184', '38', '/images/photo/2014-12-06/4969aa83-04ff-4121-a339-df1a6db7dfea.jpg');
INSERT INTO `photo` VALUES ('185', '38', '/images/photo/2014-12-06/46705a58-7c88-4c5e-9a09-7ff6e3a2ed4a.jpg');
INSERT INTO `photo` VALUES ('186', '38', '/images/photo/2014-12-06/48b3d8a1-7311-49b4-a332-622fc424973e.jpg');
INSERT INTO `photo` VALUES ('187', '38', '/images/photo/2014-12-06/7104de07-221b-46ff-b729-f183d7d3a3e4.jpg');
INSERT INTO `photo` VALUES ('188', '38', '/images/photo/2014-12-06/143b3545-eca3-4879-92a5-d25888cf55e8.jpg');
INSERT INTO `photo` VALUES ('189', '38', '/images/photo/2014-12-06/d04918e4-5a52-41f0-9cdd-e7c77ed69825.jpg');
INSERT INTO `photo` VALUES ('190', '39', '/images/photo/2014-12-06/6348a3a0-ab81-429c-bc26-14639a423f63.jpg');
INSERT INTO `photo` VALUES ('191', '39', '/images/photo/2014-12-06/bc5fbc5b-ff0e-42d7-9e16-d0b892ecf4b1.jpg');
INSERT INTO `photo` VALUES ('192', '39', '/images/photo/2014-12-06/78e9723a-b771-463f-9f2d-debfa5bfdc46.jpg');
INSERT INTO `photo` VALUES ('193', '40', '/images/photo/2014-12-06/c71eb801-b583-4d57-b096-46e505530670.jpg');
INSERT INTO `photo` VALUES ('194', '40', '/images/photo/2014-12-06/620678e6-7996-4e24-8041-7b99e797cc6a.jpg');
INSERT INTO `photo` VALUES ('195', '40', '/images/photo/2014-12-06/58d18bbc-4e0e-47ae-a5c0-23232276da2f.jpg');
INSERT INTO `photo` VALUES ('196', '40', '/images/photo/2014-12-06/be667e8d-207c-4399-bf91-aeac4710dcf1.jpg');
INSERT INTO `photo` VALUES ('197', '40', '/images/photo/2014-12-06/2a381ba2-8834-403a-99f3-7e65d5d8e4a4.jpg');
INSERT INTO `photo` VALUES ('198', '40', '/images/photo/2014-12-06/b3a407ef-4fa9-48db-9c3a-18fc9b58d64e.jpg');
INSERT INTO `photo` VALUES ('199', '40', '/images/photo/2014-12-06/d45e5e27-f67b-439f-863b-0bd4153dac01.jpg');
INSERT INTO `photo` VALUES ('200', '40', '/images/photo/2014-12-06/d82c734a-79ff-4dea-a8ea-cb4e02a34ace.jpg');
INSERT INTO `photo` VALUES ('201', '40', '/images/photo/2014-12-06/dff99e2e-4549-4aaf-ac92-4dabea47ae33.jpg');
INSERT INTO `photo` VALUES ('202', '41', '/images/photo/2014-12-06/959c03c9-1e79-4810-828d-39f54f0d802f.jpg');
INSERT INTO `photo` VALUES ('203', '41', '/images/photo/2014-12-06/c1963ddf-f0fb-444e-8b0c-d65e7dfb8667.jpg');
INSERT INTO `photo` VALUES ('204', '41', '/images/photo/2014-12-06/518d4db2-7c0a-4af3-97d5-fdd5ea8c98c3.jpg');
INSERT INTO `photo` VALUES ('205', '41', '/images/photo/2014-12-06/17fd0553-f788-4902-944d-a99c0ccd1d6f.jpg');
INSERT INTO `photo` VALUES ('206', '41', '/images/photo/2014-12-06/61087153-1607-4b2a-8328-f36e8b63568f.jpg');
INSERT INTO `photo` VALUES ('207', '42', '/images/photo/2014-12-06/255ac2f8-2656-4572-93e7-f6f7a863bc74.jpg');
INSERT INTO `photo` VALUES ('208', '42', '/images/photo/2014-12-06/49e4711e-c1b1-4109-86d1-febf14efa2e5.jpg');
INSERT INTO `photo` VALUES ('209', '42', '/images/photo/2014-12-06/829a5659-771f-47ce-9249-ca3396a95fcc.jpg');
INSERT INTO `photo` VALUES ('210', '42', '/images/photo/2014-12-06/3acfe297-2f9b-4045-8df1-1fa3b2c33274.jpg');
INSERT INTO `photo` VALUES ('211', '42', '/images/photo/2014-12-06/1ba8d46c-4ad9-4335-aab0-693fbede1697.jpg');
INSERT INTO `photo` VALUES ('212', '43', '/images/photo/2014-12-06/a84894dd-26f9-4e1d-a84e-5ad7f2e0ff26.jpg');
INSERT INTO `photo` VALUES ('213', '43', '/images/photo/2014-12-06/9824ee46-dc1b-4ad8-805e-efa3eb7111d2.jpg');
INSERT INTO `photo` VALUES ('214', '44', '/images/photo/2014-12-06/3fa16d1f-8e11-4035-8743-7d88a61e3583.jpg');
INSERT INTO `photo` VALUES ('215', '44', '/images/photo/2014-12-06/44bf8811-349c-4650-9f3f-692402394e53.jpg');
INSERT INTO `photo` VALUES ('216', '44', '/images/photo/2014-12-06/f6f56bba-7a09-45ca-a956-89b36a99c5ec.jpg');
INSERT INTO `photo` VALUES ('217', '45', '/images/photo/2014-12-06/a9e58ae8-75eb-4c85-9f73-7e8e3cf07bab.jpg');
INSERT INTO `photo` VALUES ('218', '45', '/images/photo/2014-12-06/09638548-6433-41c5-9bb1-7f214b618757.jpg');
INSERT INTO `photo` VALUES ('219', '45', '/images/photo/2014-12-06/1e7567d5-ff46-4bed-be3d-c29460859185.jpg');
INSERT INTO `photo` VALUES ('220', '46', '/images/photo/2014-12-06/c03549b5-d544-4f02-98ee-99bb080ccdaa.jpg');
INSERT INTO `photo` VALUES ('221', '46', '/images/photo/2014-12-06/539728a2-3cb2-480a-8051-f7c8aac6013f.jpg');
INSERT INTO `photo` VALUES ('222', '46', '/images/photo/2014-12-06/62c87de4-2a99-4014-a822-a11ca57da97d.jpg');
INSERT INTO `photo` VALUES ('223', '47', '/images/photo/2014-12-06/22c64ad9-d1c7-497c-a43f-80cb720daea9.jpg');
INSERT INTO `photo` VALUES ('224', '48', '/images/photo/2014-12-06/da91144d-080c-4421-b3db-08d6780314d8.jpg');
INSERT INTO `photo` VALUES ('225', '48', '/images/photo/2014-12-06/f40ffd13-72a8-421b-ad5f-5f76d5ceb167.jpg');
INSERT INTO `photo` VALUES ('226', '48', '/images/photo/2014-12-06/99ab7c8d-bbf8-48b7-9554-100187100b41.jpg');
INSERT INTO `photo` VALUES ('227', '48', '/images/photo/2014-12-06/5005176d-5b76-44d5-9e63-7d5f55f062c5.jpg');
INSERT INTO `photo` VALUES ('228', '48', '/images/photo/2014-12-06/0133d03f-ef70-4576-a609-2de2c0cb8dda.jpg');
INSERT INTO `photo` VALUES ('229', '48', '/images/photo/2014-12-06/6ee5e1e0-e43a-4f30-a982-5712fe325a65.jpg');
INSERT INTO `photo` VALUES ('230', '48', '/images/photo/2014-12-06/6dcbd66d-ade8-4aa8-9878-255feaba3d32.jpg');
INSERT INTO `photo` VALUES ('231', '48', '/images/photo/2014-12-06/8f6ed097-8a8d-4d74-a23b-4e2cd179df1a.jpg');
INSERT INTO `photo` VALUES ('232', '48', '/images/photo/2014-12-06/3dac678c-749d-4774-a42a-219a673fb8da.jpg');
INSERT INTO `photo` VALUES ('233', '49', '/images/photo/2014-12-06/fd4c59f0-82a8-42da-b010-9bb4853e03e7.jpg');
INSERT INTO `photo` VALUES ('234', '49', '/images/photo/2014-12-06/eba5d5bd-598d-4d66-a76c-d6350c6dc0e6.jpg');
INSERT INTO `photo` VALUES ('235', '49', '/images/photo/2014-12-06/ef10aecf-a159-48a7-9556-58f00318074a.jpg');
INSERT INTO `photo` VALUES ('236', '49', '/images/photo/2014-12-06/6d9b418c-d9b0-4d1b-9809-00abba540def.jpg');
INSERT INTO `photo` VALUES ('237', '49', '/images/photo/2014-12-06/29b0e109-cf5f-4a5c-81e6-63131153f7e7.jpg');
INSERT INTO `photo` VALUES ('238', '49', '/images/photo/2014-12-06/d1d2dc2b-e8ea-42ea-9b0b-e37771fe9da0.jpg');
INSERT INTO `photo` VALUES ('239', '49', '/images/photo/2014-12-06/57f210a8-6551-416d-aa67-419a98a25bc6.jpg');
INSERT INTO `photo` VALUES ('240', '49', '/images/photo/2014-12-06/ca8dc006-2518-4c19-a0b0-72306d95f652.jpg');
INSERT INTO `photo` VALUES ('241', '49', '/images/photo/2014-12-06/5744297f-b7dc-4409-a86b-910e107defb6.jpg');
INSERT INTO `photo` VALUES ('242', '50', '/images/photo/2014-12-06/422950ef-719b-400c-9d71-dc32df72e9ee.jpg');
INSERT INTO `photo` VALUES ('243', '50', '/images/photo/2014-12-06/bc87fb71-3bd1-4b9b-bcef-4d18bedcd45d.jpg');
INSERT INTO `photo` VALUES ('244', '50', '/images/photo/2014-12-06/61170411-fb8b-47e1-adcd-3d878d770db2.jpg');
INSERT INTO `photo` VALUES ('245', '51', '/images/photo/2014-12-06/2a51378d-4dd7-4431-bf97-7d0117a9bff7.jpg');
INSERT INTO `photo` VALUES ('246', '51', '/images/photo/2014-12-06/167c46c9-0628-4c7d-a38a-5aa96210625e.jpg');
INSERT INTO `photo` VALUES ('247', '51', '/images/photo/2014-12-06/398838cf-f333-4f51-b954-704adad5ceb1.jpg');
INSERT INTO `photo` VALUES ('248', '51', '/images/photo/2014-12-06/0cc5857f-1ee4-485b-9992-11725ba485e7.jpg');
INSERT INTO `photo` VALUES ('249', '51', '/images/photo/2014-12-06/8a80b72b-b306-42a4-8bbb-5ba8a34275bd.jpg');

-- ----------------------------
-- Table structure for `user`
-- ----------------------------
DROP TABLE IF EXISTS `user`;
CREATE TABLE `user` (
  `user_id` int(11) NOT NULL AUTO_INCREMENT,
  `user_openId` varchar(35) COLLATE utf8_unicode_ci DEFAULT NULL,
  `user_nickname` varchar(50) COLLATE utf8_unicode_ci DEFAULT NULL,
  `user_head` varchar(256) COLLATE utf8_unicode_ci DEFAULT NULL,
  `user_age` int(11) DEFAULT NULL,
  `user_sex` varchar(2) COLLATE utf8_unicode_ci DEFAULT NULL,
  `user_signature` varchar(30) COLLATE utf8_unicode_ci DEFAULT NULL,
  `user_school` varchar(20) COLLATE utf8_unicode_ci DEFAULT NULL,
  `user_occupation` varchar(10) COLLATE utf8_unicode_ci DEFAULT NULL,
  `user_hometown` varchar(50) COLLATE utf8_unicode_ci DEFAULT NULL,
  `user_education` varchar(10) COLLATE utf8_unicode_ci DEFAULT NULL,
  `user_position` varchar(10) COLLATE utf8_unicode_ci DEFAULT NULL,
  `user_role` varchar(10) COLLATE utf8_unicode_ci DEFAULT NULL,
  `user_is_love` varchar(10) COLLATE utf8_unicode_ci DEFAULT NULL,
  `user_real_name` varchar(20) COLLATE utf8_unicode_ci DEFAULT NULL,
  `register_time` datetime DEFAULT NULL,
  PRIMARY KEY (`user_id`)
) ENGINE=InnoDB AUTO_INCREMENT=100019 DEFAULT CHARSET=utf8 COLLATE=utf8_unicode_ci;

-- ----------------------------
-- Records of user
-- ----------------------------
INSERT INTO `user` VALUES ('100001', '3b7654c28fae1438048e631fdbd90e13', '言子圭', '/images/head/2014-12-05/48b48948-a22c-4558-83d6-4b13a42ccd3b.jpg', '20', '男', '他很懒，什么也没留下~', '韶关学院', '失业者', '广东 梅州', '本科', null, null, null, '詹学佳', '2014-12-05 22:52:39');
INSERT INTO `user` VALUES ('100002', 'c65cd941437b59c5c43207e431b25ace', '有伟青年', '/images/head/2014-12-05/1575b5c4-c141-4f4f-b2ce-df516210b729.jpg', '20', '男', '他很懒，什么也没留下~', '韶关学院', '失业者', '广东 河源', '本科', null, null, null, '邹志伟', '2014-12-05 22:54:24');
INSERT INTO `user` VALUES ('100003', 'a86b9df699e4910288c50a941d32b8b4', 'Between', '/images/head/2014-12-05/f12efbb4-f0cc-4d7b-ac1e-8ee8ac1e4848.jpg', '20', '男', '他很懒，什么也没留下~', '韶关学院', '失业者', '广东 茂名', '本科', null, null, null, '林玉生', '2014-12-05 22:55:29');
INSERT INTO `user` VALUES ('100004', '617f419ecc5428eb1e1da80cc45a8edf', '9月9日在路上（武荣）', '/images/head/2014-12-05/51680749-5384-403f-8b39-7f77fb9195cf.jpg', '20', '男', '他很懒，什么也没留下~', '韶关学院', '失业者', '广东 汕头', '本科', null, null, null, '葛武荣', '2014-12-05 23:32:16');
INSERT INTO `user` VALUES ('100005', 'a', 'arry', '/images/head/default.jpg', '20', '女', '他很懒，什么也没留下~', '韶关学院', '失业者', '广东 广州', '本科', null, null, null, null, '2014-12-05 22:52:39');
INSERT INTO `user` VALUES ('100006', 'b', 'lost', '/images/head/a.jpg', '20', '女', '他很懒，什么也没留下~', '韶关学院', '失业者', '广东 广州', '本科', null, null, null, null, '2014-12-05 22:54:24');
INSERT INTO `user` VALUES ('100007', 'c', '黎明之夜', '/images/head/b.jpg', '20', '男', '他很懒，什么也没留下~', '韶关学院', '失业者', '广东 广州', '本科', null, null, null, null, '2014-12-05 22:55:29');
INSERT INTO `user` VALUES ('100008', 'd', 'love', '/images/head/c.jpg', '20', '女', '他很懒，什么也没留下~', '韶关学院', '失业者', '广东 广州', '本科', '', '', '', '', '2014-12-05 23:32:16');
INSERT INTO `user` VALUES ('100009', 'e', '想你~', '/images/head/d.jpg', '20', '女', '他很懒，什么也没留下~', '韶关学院', '失业者', '广东 广州', '本科', '', '', '', '', '2014-12-05 22:52:39');
INSERT INTO `user` VALUES ('100010', 'f', '誓言', '/images/head/e.jpg', '20', '男', '他很懒，什么也没留下~', '韶关学院', '失业者', '广东 广州', '本科', '', '', '', '', '2014-12-05 22:54:24');
INSERT INTO `user` VALUES ('100011', 'g', '心雨', '/images/head/f.jpg', '20', '女', '他很懒，什么也没留下~', '韶关学院', '失业者', '广东 广州', '本科', '', '', '', '', '2014-12-05 22:55:29');
INSERT INTO `user` VALUES ('100012', 'h', '友谊第一', '/images/head/default.jpg', '20', '女', '他很懒，什么也没留下~', '韶关学院', '失业者', '广东 广州', '本科', '', '', '', '', '2014-12-05 23:32:16');
INSERT INTO `user` VALUES ('100013', 'i', '诺言', '/images/head/default.jpg', '20', '男', '他很懒，什么也没留下~', '韶关学院', '失业者', '广东 广州', '本科', '', '', '', '', '2014-12-05 22:52:39');
INSERT INTO `user` VALUES ('100014', 'j', '哎~', '/images/head/default.jpg', '20', '女', '他很懒，什么也没留下~', '韶关学院', '失业者', '广东 广州', '本科', '', '', '', '', '2014-12-05 22:54:24');
INSERT INTO `user` VALUES ('100015', 'k', 'miss', '/images/head/default.jpg', '20', '女', '他很懒，什么也没留下~', '韶关学院', '失业者', '广东 广州', '本科', '', '', '', '', '2014-12-05 22:55:29');
INSERT INTO `user` VALUES ('100016', 'b072fc492b29364f4c52b399bb6109f9', '逝雨成心', '/images/head/2014-12-14/8f070299-73df-46b1-ba3a-055487256a53.jpg', '20', '男', '他很懒，什么也没留下~', '韶关学院', '失业者', '广东 惠州', '本科', null, null, null, '陈晓峰', '2014-12-14 17:15:46');
INSERT INTO `user` VALUES ('100017', '471b5a75d75e112e3b98a88ef320faf0', '猪头', '/images/head/2014-12-14/06e8610d-279c-4d19-ae2c-733d8346c562.jpg', '20', '男', '他很懒，什么也没留下~', null, null, '广东 惠州', null, null, null, null, '游晓峰', '2014-12-14 18:04:49');
INSERT INTO `user` VALUES ('100018', 'b8c83e1e0ca4fb640b7fce30b0f8f8ed', '乄ヤ灬落幕。', '/images/head/2014-12-14/fed4c87e-b44d-4a22-909d-0cf772e734db.jpg', '20', '男', '他很懒，什么也没留下~', null, null, '广东 清远', null, null, null, null, '雷灿权', '2014-12-14 18:11:07');
